query,model,mode,rank,track_id,title,score,best_segment_start,best_segment_end,human_score,instrument_correct,mood_correct,energy_correct,scene_correct,contradiction,notes
epic music,figma,global,1,avalon,Quest for Avalon,0.58892798,0.0,25.0,3,,yes,yes,yes,,
epic music,figma,global,2,raven_lullaby,Raven Lullaby,0.55695057,41.599998474121094,66.5999984741211,1,,no,,,,
epic music,figma,global,3,let_the_wolf_out,Let the Wolf Out,0.46065152,172.33404541015625,197.33404541015625,3,,yes,yes,yes,,
epic music,figma,global,4,dawn_in_istoccar,Dawn in Istoccar,0.39994884,48.0,73.0,,,,,,,
epic music,figma,global,5,dark_blue_horizon,Dark Blue Horizon,0.38412094,193.1205596923828,218.1205596923828,,,,,,,
epic music,figma,global,6,ancient_ritual,Ancient Ritual,0.34864417,22.828571319580078,47.82857131958008,,,,,,,
epic music,figma,global,7,edge,The Edge of the Unknown,0.33393443,140.4577178955078,165.4577178955078,3,,,,,,
epic music,figma,global,8,icebreaker_storm,Icebreaker Into the Storm,0.32583958,70.01599884033203,95.01599884033203,,,,,,,
dark fantasy music,figma,global,1,avalon,Quest for Avalon,0.64014286,0.0,25.0,2,,,,,,
dark fantasy music,figma,global,2,raven_lullaby,Raven Lullaby,0.54269004,41.599998474121094,66.5999984741211,,,,,,,
dark fantasy music,figma,global,3,let_the_wolf_out,Let the Wolf Out,0.50933540,68.9336166381836,93.9336166381836,2,,,,,,
dark fantasy music,figma,global,4,dark_blue_horizon,Dark Blue Horizon,0.45429692,193.1205596923828,218.1205596923828,,,,,,,
dark fantasy music,figma,global,5,ancient_ritual,Ancient Ritual,0.41600850,22.828571319580078,47.82857131958008,,,,,,,
dark fantasy music,figma,global,6,galloping_to_kugrant,Galloping to Kugrant,0.40245849,69.0,94.0,,,,,,,
dark fantasy music,figma,global,7,icebreaker_storm,Icebreaker Into the Storm,0.39985383,17.503999710083008,42.50400161743164,,,,,,,
dark fantasy music,figma,global,8,edge,The Edge of the Unknown,0.39929616,35.11442947387695,60.11442947387695,,,,,,,
peaceful fantasy music,figma,global,1,let_the_wolf_out,Let the Wolf Out,0.52683520,68.9336166381836,93.9336166381836,3,,,,,,
peaceful fantasy music,figma,global,2,avalon,Quest for Avalon,0.51824880,114.20014190673828,139.2001495361328,,,,,,,
peaceful fantasy music,figma,global,3,raven_lullaby,Raven Lullaby,0.49656817,41.599998474121094,66.5999984741211,,,,,,,
peaceful fantasy music,figma,global,4,dark_blue_horizon,Dark Blue Horizon,0.47183219,193.1205596923828,218.1205596923828,,,,,,,
peaceful fantasy music,figma,global,5,edge,The Edge of the Unknown,0.42612711,35.11442947387695,60.11442947387695,,,,,,,
peaceful fantasy music,figma,global,6,alone_in_the_crowd,Alone In the Crowd,0.40719768,207.66737365722656,232.66737365722656,,,,,,,
peaceful fantasy music,figma,global,7,ancient_ritual,Ancient Ritual,0.40236610,0.0,25.0,,,,,,,
peaceful fantasy music,figma,global,8,cry_of_the_elves,The Cry of the Elves,0.39423358,0.0,25.0,,,,,,,
emotional orchestral music,figma,global,1,avalon,Quest for Avalon,0.67485678,0.0,25.0,,,,,,,
emotional orchestral music,figma,global,2,raven_lullaby,Raven Lullaby,0.62105370,124.80000305175781,149.8000030517578,3,,,,,,
emotional orchestral music,figma,global,3,dark_blue_horizon,Dark Blue Horizon,0.48049346,0.0,25.0,,,,,,,
emotional orchestral music,figma,global,4,let_the_wolf_out,Let the Wolf Out,0.46801800,68.9336166381836,93.9336166381836,,,,,,,
emotional orchestral music,figma,global,5,dawn_in_istoccar,Dawn in Istoccar,0.44762516,24.0,49.0,,,,,,,
emotional orchestral music,figma,global,6,galloping_to_kugrant,Galloping to Kugrant,0.42799225,69.0,94.0,,,,,,,
emotional orchestral music,figma,global,7,icebreaker_storm,Icebreaker Into the Storm,0.42745504,17.503999710083008,42.50400161743164,,,,,,,
emotional orchestral music,figma,global,8,cry_of_the_elves,The Cry of the Elves,0.40094164,0.0,25.0,,,,,,,
soft medieval flute,figma,global,1,avalon,Quest for Avalon,0.38895124,0.0,25.0,2,no,,,,,
soft medieval flute,figma,global,2,ancient_ritual,Ancient Ritual,0.20590608,0.0,25.0,3,yes,,,,,
soft medieval flute,figma,global,3,raven_lullaby,Raven Lullaby,0.18953788,83.19999694824219,108.19999694824219,,,,,,,
soft medieval flute,figma,global,4,cry_of_the_elves,The Cry of the Elves,0.16812155,0.0,25.0,2,no,,,,,
soft medieval flute,figma,global,5,night_at_the_tavern,A Night at the Tavern,0.16552427,31.138286590576172,56.13828659057617,,,,,,,
soft medieval flute,figma,global,6,let_the_wolf_out,Let the Wolf Out,0.09699633,0.0,25.0,,,,,,,
soft medieval flute,figma,global,7,edge,The Edge of the Unknown,0.09521786,35.11442947387695,60.11442947387695,,,,,,,
soft medieval flute,figma,global,8,dark_blue_horizon,Dark Blue Horizon,0.04945777,241.4007110595703,266.40069580078125,,,,,,,
emotional solo violin,figma,global,1,raven_lullaby,Raven Lullaby,0.50008309,83.19999694824219,108.19999694824219,3,,,,,,
emotional solo violin,figma,global,2,avalon,Quest for Avalon,0.46998188,0.0,25.0,,,,,,,
emotional solo violin,figma,global,3,alone_in_the_crowd,Alone In the Crowd,0.31559289,166.13389587402344,191.13389587402344,,,,,,,
emotional solo violin,figma,global,4,let_the_wolf_out,Let the Wolf Out,0.27175456,0.0,25.0,,,,,,,
emotional solo violin,figma,global,5,cry_of_the_elves,The Cry of the Elves,0.25327888,0.0,25.0,,,,,,,
emotional solo violin,figma,global,6,dawn_in_istoccar,Dawn in Istoccar,0.23647606,72.0,97.0,,,,,,,
emotional solo violin,figma,global,7,dark_blue_horizon,Dark Blue Horizon,0.15393117,241.4007110595703,266.40069580078125,,,,,,,
emotional solo violin,figma,global,8,classical_is_so_metal,Classical Is So Metal,0.15256993,0.0,25.0,,,,,,,
music with choir and heavy percussion,figma,global,1,avalon,Quest for Avalon,0.45998865,456.8005676269531,481.8005676269531,3,,,,,,
music with choir and heavy percussion,figma,global,2,raven_lullaby,Raven Lullaby,0.38586172,124.80000305175781,149.8000030517578,,,,,,,
music with choir and heavy percussion,figma,global,3,night_at_the_tavern,A Night at the Tavern,0.37602749,31.138286590576172,56.13828659057617,,,,,,,
music with choir and heavy percussion,figma,global,4,galloping_to_kugrant,Galloping to Kugrant,0.35876378,0.0,25.0,,,,,,,
music with choir and heavy percussion,figma,global,5,icebreaker_storm,Icebreaker Into the Storm,0.29588884,17.503999710083008,42.50400161743164,,,,,,,
music with choir and heavy percussion,figma,global,6,dark_blue_horizon,Dark Blue Horizon,0.26670420,48.28014373779297,73.28014373779297,,,,,,,
music with choir and heavy percussion,figma,global,7,let_the_wolf_out,Let the Wolf Out,0.25225598,172.33404541015625,197.33404541015625,,,,,,,
music with choir and heavy percussion,figma,global,8,edge,The Edge of the Unknown,0.24422504,140.4577178955078,165.4577178955078,,,,,,,
gentle strings and flute,figma,global,1,let_the_wolf_out,Let the Wolf Out,0.40221906,0.0,25.0,,,,,,,
gentle strings and flute,figma,global,2,avalon,Quest for Avalon,0.36805743,228.40028381347656,253.40028381347656,3,,,,,,
gentle strings and flute,figma,global,3,alone_in_the_crowd,Alone In the Crowd,0.34827501,124.60042572021484,149.6004180908203,,,,,,,
gentle strings and flute,figma,global,4,raven_lullaby,Raven Lullaby,0.34427181,83.19999694824219,108.19999694824219,,,,,,,
gentle strings and flute,figma,global,5,ancient_ritual,Ancient Ritual,0.31211406,0.0,25.0,,,,,,,
gentle strings and flute,figma,global,6,cry_of_the_elves,The Cry of the Elves,0.29728729,0.0,25.0,,,,,,,
gentle strings and flute,figma,global,7,dark_blue_horizon,Dark Blue Horizon,0.29666233,241.4007110595703,266.40069580078125,,,,,,,
gentle strings and flute,figma,global,8,edge,The Edge of the Unknown,0.25332454,35.11442947387695,60.11442947387695,,,,,,,
"soft medieval flute, melancholic and peaceful",figma,global,1,avalon,Quest for Avalon,0.30941105,0.0,25.0,,,,,,,
"soft medieval flute, melancholic and peaceful",figma,global,2,edge,The Edge of the Unknown,0.27500242,35.11442947387695,60.11442947387695,,,,,,,
"soft medieval flute, melancholic and peaceful",figma,global,3,cry_of_the_elves,The Cry of the Elves,0.26681602,0.0,25.0,2,,,,,,
"soft medieval flute, melancholic and peaceful",figma,global,4,raven_lullaby,Raven Lullaby,0.22396056,41.599998474121094,66.5999984741211,,,,,,,
"soft medieval flute, melancholic and peaceful",figma,global,5,healing_wind,Healing Wind,0.20949149,56.70000076293945,81.69999694824219,,,,,,,
"soft medieval flute, melancholic and peaceful",figma,global,6,ancient_ritual,Ancient Ritual,0.15320195,0.0,25.0,3,,,,,,
"soft medieval flute, melancholic and peaceful",figma,global,7,galloping_to_kugrant,Galloping to Kugrant,0.13302505,69.0,94.0,,,,,,,
"soft medieval flute, melancholic and peaceful",figma,global,8,icebreaker_storm,Icebreaker Into the Storm,0.06864322,70.01599884033203,95.01599884033203,,,,,,,
epic orchestral music with choir but not too aggressive,figma,global,1,raven_lullaby,Raven Lullaby,0.60692960,124.80000305175781,149.8000030517578,3,,,,,,
epic orchestral music with choir but not too aggressive,figma,global,2,avalon,Quest for Avalon,0.44405514,0.0,25.0,,,,,,,
epic orchestral music with choir but not too aggressive,figma,global,3,icebreaker_storm,Icebreaker Into the Storm,0.40501878,17.503999710083008,42.50400161743164,,,,,,,
epic orchestral music with choir but not too aggressive,figma,global,4,galloping_to_kugrant,Galloping to Kugrant,0.39882714,69.0,94.0,,,,,,,
epic orchestral music with choir but not too aggressive,figma,global,5,edge,The Edge of the Unknown,0.34866405,35.11442947387695,60.11442947387695,,,,,,,
epic orchestral music with choir but not too aggressive,figma,global,6,cry_of_the_elves,The Cry of the Elves,0.33062017,0.0,25.0,,,,,,,
epic orchestral music with choir but not too aggressive,figma,global,7,alone_in_the_crowd,Alone In the Crowd,0.31864089,0.0,25.0,,,,,,,
epic orchestral music with choir but not too aggressive,figma,global,8,let_the_wolf_out,Let the Wolf Out,0.29345942,68.9336166381836,93.9336166381836,,,,,,,
dark but not aggressive,figma,global,1,avalon,Quest for Avalon,0.40186617,571.000732421875,596.000732421875,3,,,,,,
dark but not aggressive,figma,global,2,cry_of_the_elves,The Cry of the Elves,0.31037417,0.0,25.0,,,,,,,
dark but not aggressive,figma,global,3,ancient_ritual,Ancient Ritual,0.27011397,0.0,25.0,,,,,,,
dark but not aggressive,figma,global,4,edge,The Edge of the Unknown,0.22028798,35.11442947387695,60.11442947387695,,,,,,,
dark but not aggressive,figma,global,5,raven_lullaby,Raven Lullaby,0.19560888,0.0,25.0,,,,,,,
dark but not aggressive,figma,global,6,healing_wind,Healing Wind,0.18953909,56.70000076293945,81.69999694824219,,,,,,,
dark but not aggressive,figma,global,7,galloping_to_kugrant,Galloping to Kugrant,0.18549895,0.0,25.0,,,,,,,
dark but not aggressive,figma,global,8,icebreaker_storm,Icebreaker Into the Storm,0.15767741,70.01599884033203,95.01599884033203,,,,,,,
heroic but reflective,figma,global,1,avalon,Quest for Avalon,0.32810184,0.0,25.0,3,,,,,,
heroic but reflective,figma,global,2,raven_lullaby,Raven Lullaby,0.28231746,0.0,25.0,,,,,,,
heroic but reflective,figma,global,3,cry_of_the_elves,The Cry of the Elves,0.17223990,0.0,25.0,,,,,,,
heroic but reflective,figma,global,4,ancient_ritual,Ancient Ritual,0.15231043,0.0,25.0,,,,,,,
heroic but reflective,figma,global,5,dark_blue_horizon,Dark Blue Horizon,0.12006851,0.0,25.0,,,,,,,
heroic but reflective,figma,global,6,galloping_to_kugrant,Galloping to Kugrant,0.11430162,0.0,25.0,,,,,,,
heroic but reflective,figma,global,7,edge,The Edge of the Unknown,0.09618607,70.2288589477539,95.2288589477539,,,,,,,
heroic but reflective,figma,global,8,alone_in_the_crowd,Alone In the Crowd,0.09303112,0.0,25.0,,,,,,,
music for exploring ancient ruins,figma,global,1,avalon,Quest for Avalon,0.50843829,0.0,25.0,3,,,,,,
music for exploring ancient ruins,figma,global,2,let_the_wolf_out,Let the Wolf Out,0.39630240,172.33404541015625,197.33404541015625,,,,,,,
music for exploring ancient ruins,figma,global,3,ancient_ritual,Ancient Ritual,0.38285857,68.4857177734375,93.4857177734375,,,,,,,
music for exploring ancient ruins,figma,global,4,dark_blue_horizon,Dark Blue Horizon,0.32671866,193.1205596923828,218.1205596923828,,,,,,,
music for exploring ancient ruins,figma,global,5,raven_lullaby,Raven Lullaby,0.32660735,124.80000305175781,149.8000030517578,,,,,,,
music for exploring ancient ruins,figma,global,6,night_at_the_tavern,A Night at the Tavern,0.31566617,31.138286590576172,56.13828659057617,,,,,,,
music for exploring ancient ruins,figma,global,7,edge,The Edge of the Unknown,0.26179171,140.4577178955078,165.4577178955078,,,,,,,
music for exploring ancient ruins,figma,global,8,galloping_to_kugrant,Galloping to Kugrant,0.21969074,41.400001525878906,66.4000015258789,,,,,,,
music for a quiet sunrise,figma,global,1,avalon,Quest for Avalon,0.43780148,0.0,25.0,3,,,,,,
music for a quiet sunrise,figma,global,2,raven_lullaby,Raven Lullaby,0.39083761,83.19999694824219,108.19999694824219,,,,,,,
music for a quiet sunrise,figma,global,3,let_the_wolf_out,Let the Wolf Out,0.36285019,0.0,25.0,3,,,,,,
music for a quiet sunrise,figma,global,4,dark_blue_horizon,Dark Blue Horizon,0.35147750,193.1205596923828,218.1205596923828,,,,,,,
music for a quiet sunrise,figma,global,5,alone_in_the_crowd,Alone In the Crowd,0.29124171,207.66737365722656,232.66737365722656,,,,,,,
music for a quiet sunrise,figma,global,6,dawn_in_istoccar,Dawn in Istoccar,0.28190029,24.0,49.0,,,,,,,
music for a quiet sunrise,figma,global,7,cry_of_the_elves,The Cry of the Elves,0.17482117,0.0,25.0,,,,,,,
music for a quiet sunrise,figma,global,8,galloping_to_kugrant,Galloping to Kugrant,0.14718893,69.0,94.0,,,,,,,
music for riding across an open landscape,figma,global,1,dark_blue_horizon,Dark Blue Horizon,0.20706469,193.1205596923828,218.1205596923828,,,,,,,
music for riding across an open landscape,figma,global,2,let_the_wolf_out,Let the Wolf Out,0.19360934,0.0,25.0,3,,,,,,
music for riding across an open landscape,figma,global,3,avalon,Quest for Avalon,0.15973634,571.000732421875,596.000732421875,,,,,,,
music for riding across an open landscape,figma,global,4,ancient_ritual,Ancient Ritual,0.13746013,45.657142639160156,70.65714263916016,,,,,,,
music for riding across an open landscape,figma,global,5,dawn_in_istoccar,Dawn in Istoccar,0.09871866,0.0,25.0,,,,,,,
music for riding across an open landscape,figma,global,6,raven_lullaby,Raven Lullaby,0.00852330,124.80000305175781,149.8000030517578,,,,,,,
music for riding across an open landscape,figma,global,7,edge,The Edge of the Unknown,-0.00654482,175.5721435546875,200.5721435546875,,,,,,,
music for riding across an open landscape,figma,global,8,night_at_the_tavern,A Night at the Tavern,-0.00815127,51.89714431762695,76.89714050292969,,,,,,,
epic but calm,figma,global,1,avalon,Quest for Avalon,0.46412221,0.0,25.0,3,,,,,,
epic but calm,figma,global,2,raven_lullaby,Raven Lullaby,0.43372482,0.0,25.0,,,,,,,
epic but calm,figma,global,3,cry_of_the_elves,The Cry of the Elves,0.31008285,0.0,25.0,,,,,,,
epic but calm,figma,global,4,dark_blue_horizon,Dark Blue Horizon,0.25849372,48.28014373779297,73.28014373779297,,,,,,,
epic but calm,figma,global,5,edge,The Edge of the Unknown,0.25285202,35.11442947387695,60.11442947387695,,,,,,,
epic but calm,figma,global,6,ancient_ritual,Ancient Ritual,0.25151235,0.0,25.0,,,,,,,
epic but calm,figma,global,7,alone_in_the_crowd,Alone In the Crowd,0.24871866,0.0,25.0,,,,,,,
epic but calm,figma,global,8,let_the_wolf_out,Let the Wolf Out,0.22803558,0.0,25.0,,,,,,,
heroic without battle,figma,global,1,avalon,Quest for Avalon,0.36370620,0.0,25.0,3,,,,,,
heroic without battle,figma,global,2,ancient_ritual,Ancient Ritual,0.20980495,114.14286041259766,139.14285278320312,,,,,,,
heroic without battle,figma,global,3,raven_lullaby,Raven Lullaby,0.18508539,0.0,25.0,,,,,,,
heroic without battle,figma,global,4,cry_of_the_elves,The Cry of the Elves,0.17689085,0.0,25.0,,,,,,,
heroic without battle,figma,global,5,night_at_the_tavern,A Night at the Tavern,0.11137214,0.0,25.0,,,,,,,
heroic without battle,figma,global,6,let_the_wolf_out,Let the Wolf Out,0.08562742,0.0,25.0,,,,,,,
heroic without battle,figma,global,7,alone_in_the_crowd,Alone In the Crowd,0.08199051,0.0,25.0,,,,,,,
heroic without battle,figma,global,8,dark_blue_horizon,Dark Blue Horizon,0.05251525,144.84042358398438,169.84042358398438,,,,,,,
fantasy flute without epic orchestra,figma,global,1,avalon,Quest for Avalon,0.51164925,0.0,25.0,1,,,,,,
fantasy flute without epic orchestra,figma,global,2,raven_lullaby,Raven Lullaby,0.31910256,0.0,25.0,,,,,,,
fantasy flute without epic orchestra,figma,global,3,ancient_ritual,Ancient Ritual,0.28213298,0.0,25.0,3,,,,,,
fantasy flute without epic orchestra,figma,global,4,cry_of_the_elves,The Cry of the Elves,0.25578400,0.0,25.0,,,,,,,
fantasy flute without epic orchestra,figma,global,5,night_at_the_tavern,A Night at the Tavern,0.24570261,31.138286590576172,56.13828659057617,,,,,,,
fantasy flute without epic orchestra,figma,global,6,alone_in_the_crowd,Alone In the Crowd,0.21260244,0.0,25.0,,,,,,,
fantasy flute without epic orchestra,figma,global,7,edge,The Edge of the Unknown,0.20767094,35.11442947387695,60.11442947387695,,,,,,,
fantasy flute without epic orchestra,figma,global,8,dawn_in_istoccar,Dawn in Istoccar,0.15289879,120.0,145.0,,,,,,,
something powerful but still emotional,figma,global,1,raven_lullaby,Raven Lullaby,0.46797532,0.0,25.0,3,,,,,,
something powerful but still emotional,figma,global,2,avalon,Quest for Avalon,0.33690858,0.0,25.0,,,,,,,
something powerful but still emotional,figma,global,3,cry_of_the_elves,The Cry of the Elves,0.24911001,0.0,25.0,,,,,,,
something powerful but still emotional,figma,global,4,let_the_wolf_out,Let the Wolf Out,0.22738627,0.0,25.0,,,,,,,
something powerful but still emotional,figma,global,5,ancient_ritual,Ancient Ritual,0.21623060,22.828571319580078,47.82857131958008,,,,,,,
something powerful but still emotional,figma,global,6,galloping_to_kugrant,Galloping to Kugrant,0.20284265,69.0,94.0,,,,,,,
something powerful but still emotional,figma,global,7,dark_blue_horizon,Dark Blue Horizon,0.19088024,48.28014373779297,73.28014373779297,,,,,,,
something powerful but still emotional,figma,global,8,alone_in_the_crowd,Alone In the Crowd,0.17857496,0.0,25.0,,,,,,,
a quiet piece that slowly becomes more powerful,figma,global,1,avalon,Quest for Avalon,0.45066619,0.0,25.0,3,,,,,,
a quiet piece that slowly becomes more powerful,figma,global,2,dark_blue_horizon,Dark Blue Horizon,0.24302508,0.0,25.0,,,,,,,
a quiet piece that slowly becomes more powerful,figma,global,3,raven_lullaby,Raven Lullaby,0.19928123,0.0,25.0,,,,,,,
a quiet piece that slowly becomes more powerful,figma,global,4,ancient_ritual,Ancient Ritual,0.15344959,45.657142639160156,70.65714263916016,,,,,,,
a quiet piece that slowly becomes more powerful,figma,global,5,cry_of_the_elves,The Cry of the Elves,0.14111896,0.0,25.0,,,,,,,
a quiet piece that slowly becomes more powerful,figma,global,6,let_the_wolf_out,Let the Wolf Out,0.11664417,0.0,25.0,,,,,,,
a quiet piece that slowly becomes more powerful,figma,global,7,edge,The Edge of the Unknown,0.08879066,175.5721435546875,200.5721435546875,,,,,,,
a quiet piece that slowly becomes more powerful,figma,global,8,night_at_the_tavern,A Night at the Tavern,0.08309242,20.75885772705078,45.75885772705078,,,,,,,
epic music,figma,segment,1,raven_lullaby,Raven Lullaby,0.54431403,41.599998474121094,66.5999984741211,,,,,,,
epic music,figma,segment,2,avalon,Quest for Avalon,0.50897145,0.0,25.0,,,,,,,
epic music,figma,segment,3,let_the_wolf_out,Let the Wolf Out,0.49000794,172.33404541015625,197.33404541015625,,,,,,,
epic music,figma,segment,4,icebreaker_storm,Icebreaker Into the Storm,0.43609852,70.01599884033203,95.01599884033203,,,,,,,
epic music,figma,segment,5,dark_blue_horizon,Dark Blue Horizon,0.41797921,193.1205596923828,218.1205596923828,,,,,,,
epic music,figma,segment,6,edge,The Edge of the Unknown,0.40881145,140.4577178955078,165.4577178955078,3,,,,,,
epic music,figma,segment,7,dawn_in_istoccar,Dawn in Istoccar,0.39695838,48.0,73.0,,,,,,,
epic music,figma,segment,8,galloping_to_kugrant,Galloping to Kugrant,0.38958055,69.0,94.0,,,,,,,
dark fantasy music,figma,segment,1,let_the_wolf_out,Let the Wolf Out,0.55951464,68.9336166381836,93.9336166381836,2,,,,,,
dark fantasy music,figma,segment,2,raven_lullaby,Raven Lullaby,0.54165769,41.599998474121094,66.5999984741211,,,,,,,
dark fantasy music,figma,segment,3,avalon,Quest for Avalon,0.47603810,0.0,25.0,2,,,,,,
dark fantasy music,figma,segment,4,galloping_to_kugrant,Galloping to Kugrant,0.47301021,69.0,94.0,,,,,,,
dark fantasy music,figma,segment,5,icebreaker_storm,Icebreaker Into the Storm,0.47217762,17.503999710083008,42.50400161743164,,,,,,,
dark fantasy music,figma,segment,6,edge,The Edge of the Unknown,0.46681446,35.11442947387695,60.11442947387695,,,,,,,
dark fantasy music,figma,segment,7,dark_blue_horizon,Dark Blue Horizon,0.46362311,193.1205596923828,218.1205596923828,,,,,,,
dark fantasy music,figma,segment,8,ancient_ritual,Ancient Ritual,0.40520874,22.828571319580078,47.82857131958008,,,,,,,
peaceful fantasy music,figma,segment,1,let_the_wolf_out,Let the Wolf Out,0.54768074,68.9336166381836,93.9336166381836,3,,,,,,
peaceful fantasy music,figma,segment,2,dark_blue_horizon,Dark Blue Horizon,0.51551551,193.1205596923828,218.1205596923828,,,,,,,
peaceful fantasy music,figma,segment,3,raven_lullaby,Raven Lullaby,0.51547784,41.599998474121094,66.5999984741211,,,,,,,
peaceful fantasy music,figma,segment,4,edge,The Edge of the Unknown,0.50978124,35.11442947387695,60.11442947387695,,,,,,,
peaceful fantasy music,figma,segment,5,cry_of_the_elves,The Cry of the Elves,0.47356570,0.0,25.0,,,,,,,
peaceful fantasy music,figma,segment,6,avalon,Quest for Avalon,0.45459080,114.20014190673828,139.2001495361328,,,,,,,
peaceful fantasy music,figma,segment,7,alone_in_the_crowd,Alone In the Crowd,0.40902781,207.66737365722656,232.66737365722656,,,,,,,
peaceful fantasy music,figma,segment,8,dawn_in_istoccar,Dawn in Istoccar,0.40547246,72.0,97.0,,,,,,,
emotional orchestral music,figma,segment,1,raven_lullaby,Raven Lullaby,0.68033123,124.80000305175781,149.8000030517578,3,,,,,,
emotional orchestral music,figma,segment,2,avalon,Quest for Avalon,0.61258769,0.0,25.0,,,,,,,
emotional orchestral music,figma,segment,3,let_the_wolf_out,Let the Wolf Out,0.53181803,68.9336166381836,93.9336166381836,,,,,,,
emotional orchestral music,figma,segment,4,icebreaker_storm,Icebreaker Into the Storm,0.50095963,17.503999710083008,42.50400161743164,,,,,,,
emotional orchestral music,figma,segment,5,dawn_in_istoccar,Dawn in Istoccar,0.47670299,24.0,49.0,,,,,,,
emotional orchestral music,figma,segment,6,galloping_to_kugrant,Galloping to Kugrant,0.46519440,69.0,94.0,,,,,,,
emotional orchestral music,figma,segment,7,dark_blue_horizon,Dark Blue Horizon,0.45537603,0.0,25.0,,,,,,,
emotional orchestral music,figma,segment,8,cry_of_the_elves,The Cry of the Elves,0.43573326,0.0,25.0,,,,,,,
soft medieval flute,figma,segment,1,cry_of_the_elves,The Cry of the Elves,0.51444095,0.0,25.0,2,no,,,,,
soft medieval flute,figma,segment,2,avalon,Quest for Avalon,0.47804511,0.0,25.0,2,no,,,,,
soft medieval flute,figma,segment,3,raven_lullaby,Raven Lullaby,0.33918235,83.19999694824219,108.19999694824219,,,,,,,
soft medieval flute,figma,segment,4,night_at_the_tavern,A Night at the Tavern,0.27436036,31.138286590576172,56.13828659057617,,,,,,,
soft medieval flute,figma,segment,5,ancient_ritual,Ancient Ritual,0.27229542,0.0,25.0,3,yes,,,,,
soft medieval flute,figma,segment,6,healing_wind,Healing Wind,0.19933775,56.70000076293945,81.69999694824219,,,,,,,
soft medieval flute,figma,segment,7,dark_blue_horizon,Dark Blue Horizon,0.19574936,241.4007110595703,266.40069580078125,,,,,,,
soft medieval flute,figma,segment,8,let_the_wolf_out,Let the Wolf Out,0.19339335,0.0,25.0,,,,,,,
emotional solo violin,figma,segment,1,raven_lullaby,Raven Lullaby,0.58869731,83.19999694824219,108.19999694824219,3,,,,,,
emotional solo violin,figma,segment,2,avalon,Quest for Avalon,0.54201514,0.0,25.0,,,,,,,
emotional solo violin,figma,segment,3,cry_of_the_elves,The Cry of the Elves,0.49042797,0.0,25.0,,,,,,,
emotional solo violin,figma,segment,4,icebreaker_storm,Icebreaker Into the Storm,0.37198991,70.01599884033203,95.01599884033203,,,,,,,
emotional solo violin,figma,segment,5,let_the_wolf_out,Let the Wolf Out,0.33297884,0.0,25.0,,,,,,,
emotional solo violin,figma,segment,6,alone_in_the_crowd,Alone In the Crowd,0.30993858,166.13389587402344,191.13389587402344,,,,,,,
emotional solo violin,figma,segment,7,classical_is_so_metal,Classical Is So Metal,0.29625720,0.0,25.0,,,,,,,
emotional solo violin,figma,segment,8,dawn_in_istoccar,Dawn in Istoccar,0.26960289,72.0,97.0,,,,,,,
music with choir and heavy percussion,figma,segment,1,avalon,Quest for Avalon,0.54055554,456.8005676269531,481.8005676269531,3,,,,,,
music with choir and heavy percussion,figma,segment,2,raven_lullaby,Raven Lullaby,0.52442414,124.80000305175781,149.8000030517578,,,,,,,
music with choir and heavy percussion,figma,segment,3,night_at_the_tavern,A Night at the Tavern,0.41834569,31.138286590576172,56.13828659057617,,,,,,,
music with choir and heavy percussion,figma,segment,4,galloping_to_kugrant,Galloping to Kugrant,0.40706107,0.0,25.0,,,,,,,
music with choir and heavy percussion,figma,segment,5,icebreaker_storm,Icebreaker Into the Storm,0.37427497,17.503999710083008,42.50400161743164,,,,,,,
music with choir and heavy percussion,figma,segment,6,dark_blue_horizon,Dark Blue Horizon,0.35486636,48.28014373779297,73.28014373779297,,,,,,,
music with choir and heavy percussion,figma,segment,7,let_the_wolf_out,Let the Wolf Out,0.32259187,172.33404541015625,197.33404541015625,,,,,,,
music with choir and heavy percussion,figma,segment,8,edge,The Edge of the Unknown,0.31056979,140.4577178955078,165.4577178955078,,,,,,,
gentle strings and flute,figma,segment,1,avalon,Quest for Avalon,0.48600370,228.40028381347656,253.40028381347656,3,,,,,,
gentle strings and flute,figma,segment,2,raven_lullaby,Raven Lullaby,0.46539778,83.19999694824219,108.19999694824219,,,,,,,
gentle strings and flute,figma,segment,3,cry_of_the_elves,The Cry of the Elves,0.44865188,0.0,25.0,,,,,,,
gentle strings and flute,figma,segment,4,let_the_wolf_out,Let the Wolf Out,0.43706429,0.0,25.0,,,,,,,
gentle strings and flute,figma,segment,5,alone_in_the_crowd,Alone In the Crowd,0.42989349,124.60042572021484,149.6004180908203,,,,,,,
gentle strings and flute,figma,segment,6,ancient_ritual,Ancient Ritual,0.42296225,0.0,25.0,,,,,,,
gentle strings and flute,figma,segment,7,dark_blue_horizon,Dark Blue Horizon,0.40590477,241.4007110595703,266.40069580078125,,,,,,,
gentle strings and flute,figma,segment,8,edge,The Edge of the Unknown,0.34116846,35.11442947387695,60.11442947387695,,,,,,,
"soft medieval flute, melancholic and peaceful",figma,segment,1,cry_of_the_elves,The Cry of the Elves,0.57745004,0.0,25.0,2,,,,,,
"soft medieval flute, melancholic and peaceful",figma,segment,2,healing_wind,Healing Wind,0.37011477,56.70000076293945,81.69999694824219,,,,,,,
"soft medieval flute, melancholic and peaceful",figma,segment,3,avalon,Quest for Avalon,0.35509914,0.0,25.0,,,,,,,
"soft medieval flute, melancholic and peaceful",figma,segment,4,raven_lullaby,Raven Lullaby,0.35218614,41.599998474121094,66.5999984741211,,,,,,,
"soft medieval flute, melancholic and peaceful",figma,segment,5,edge,The Edge of the Unknown,0.34150335,35.11442947387695,60.11442947387695,,,,,,,
"soft medieval flute, melancholic and peaceful",figma,segment,6,ancient_ritual,Ancient Ritual,0.29044259,0.0,25.0,3,,,,,,
"soft medieval flute, melancholic and peaceful",figma,segment,7,marching_city_gates,Marching Through City Gates,0.22447336,24.399999618530273,49.400001525878906,,,,,,,
"soft medieval flute, melancholic and peaceful",figma,segment,8,night_at_the_tavern,A Night at the Tavern,0.16875401,20.75885772705078,45.75885772705078,,,,,,,
epic orchestral music with choir but not too aggressive,figma,segment,1,raven_lullaby,Raven Lullaby,0.64421672,124.80000305175781,149.8000030517578,3,,,,,,
epic orchestral music with choir but not too aggressive,figma,segment,2,icebreaker_storm,Icebreaker Into the Storm,0.46420795,17.503999710083008,42.50400161743164,,,,,,,
epic orchestral music with choir but not too aggressive,figma,segment,3,galloping_to_kugrant,Galloping to Kugrant,0.43965229,69.0,94.0,,,,,,,
epic orchestral music with choir but not too aggressive,figma,segment,4,avalon,Quest for Avalon,0.43739626,0.0,25.0,,,,,,,
epic orchestral music with choir but not too aggressive,figma,segment,5,edge,The Edge of the Unknown,0.41197041,35.11442947387695,60.11442947387695,,,,,,,
epic orchestral music with choir but not too aggressive,figma,segment,6,marching_city_gates,Marching Through City Gates,0.39659441,24.399999618530273,49.400001525878906,,,,,,,
epic orchestral music with choir but not too aggressive,figma,segment,7,cry_of_the_elves,The Cry of the Elves,0.36030269,0.0,25.0,,,,,,,
epic orchestral music with choir but not too aggressive,figma,segment,8,alone_in_the_crowd,Alone In the Crowd,0.35727340,0.0,25.0,,,,,,,
dark but not aggressive,figma,segment,1,avalon,Quest for Avalon,0.58464426,571.000732421875,596.000732421875,3,,,,,,
dark but not aggressive,figma,segment,2,cry_of_the_elves,The Cry of the Elves,0.41253474,0.0,25.0,,,,,,,
dark but not aggressive,figma,segment,3,ancient_ritual,Ancient Ritual,0.36929649,0.0,25.0,,,,,,,
dark but not aggressive,figma,segment,4,icebreaker_storm,Icebreaker Into the Storm,0.30509007,70.01599884033203,95.01599884033203,,,,,,,
dark but not aggressive,figma,segment,5,edge,The Edge of the Unknown,0.30385241,35.11442947387695,60.11442947387695,,,,,,,
dark but not aggressive,figma,segment,6,healing_wind,Healing Wind,0.30083972,56.70000076293945,81.69999694824219,,,,,,,
dark but not aggressive,figma,segment,7,raven_lullaby,Raven Lullaby,0.24526343,0.0,25.0,,,,,,,
dark but not aggressive,figma,segment,8,marching_city_gates,Marching Through City Gates,0.22472650,24.399999618530273,49.400001525878906,,,,,,,
heroic but reflective,figma,segment,1,avalon,Quest for Avalon,0.49082595,0.0,25.0,3,,,,,,
heroic but reflective,figma,segment,2,cry_of_the_elves,The Cry of the Elves,0.46029231,0.0,25.0,,,,,,,
heroic but reflective,figma,segment,3,healing_wind,Healing Wind,0.35033533,56.70000076293945,81.69999694824219,,,,,,,
heroic but reflective,figma,segment,4,raven_lullaby,Raven Lullaby,0.34246859,0.0,25.0,,,,,,,
heroic but reflective,figma,segment,5,alone_in_the_crowd,Alone In the Crowd,0.21807510,0.0,25.0,,,,,,,
heroic but reflective,figma,segment,6,let_the_wolf_out,Let the Wolf Out,0.21765676,0.0,25.0,,,,,,,
heroic but reflective,figma,segment,7,dark_blue_horizon,Dark Blue Horizon,0.21470445,0.0,25.0,,,,,,,
heroic but reflective,figma,segment,8,icebreaker_storm,Icebreaker Into the Storm,0.19965616,70.01599884033203,95.01599884033203,,,,,,,
music for exploring ancient ruins,figma,segment,1,avalon,Quest for Avalon,0.52693522,0.0,25.0,3,,,,,,
music for exploring ancient ruins,figma,segment,2,let_the_wolf_out,Let the Wolf Out,0.43251708,172.33404541015625,197.33404541015625,,,,,,,
music for exploring ancient ruins,figma,segment,3,night_at_the_tavern,A Night at the Tavern,0.38432127,31.138286590576172,56.13828659057617,,,,,,,
music for exploring ancient ruins,figma,segment,4,dark_blue_horizon,Dark Blue Horizon,0.37042505,193.1205596923828,218.1205596923828,,,,,,,
music for exploring ancient ruins,figma,segment,5,ancient_ritual,Ancient Ritual,0.35480142,68.4857177734375,93.4857177734375,,,,,,,
music for exploring ancient ruins,figma,segment,6,edge,The Edge of the Unknown,0.33540967,140.4577178955078,165.4577178955078,,,,,,,
music for exploring ancient ruins,figma,segment,7,raven_lullaby,Raven Lullaby,0.33149141,124.80000305175781,149.8000030517578,,,,,,,
music for exploring ancient ruins,figma,segment,8,cry_of_the_elves,The Cry of the Elves,0.24359515,0.0,25.0,,,,,,,
music for a quiet sunrise,figma,segment,1,let_the_wolf_out,Let the Wolf Out,0.44737875,0.0,25.0,3,,,,,,
music for a quiet sunrise,figma,segment,2,avalon,Quest for Avalon,0.44134417,0.0,25.0,3,,,,,,
music for a quiet sunrise,figma,segment,3,raven_lullaby,Raven Lullaby,0.43408874,83.19999694824219,108.19999694824219,,,,,,,
music for a quiet sunrise,figma,segment,4,dark_blue_horizon,Dark Blue Horizon,0.40553927,193.1205596923828,218.1205596923828,,,,,,,
music for a quiet sunrise,figma,segment,5,cry_of_the_elves,The Cry of the Elves,0.38763967,0.0,25.0,,,,,,,
music for a quiet sunrise,figma,segment,6,dawn_in_istoccar,Dawn in Istoccar,0.30012122,24.0,49.0,,,,,,,
music for a quiet sunrise,figma,segment,7,ancient_ritual,Ancient Ritual,0.28849614,22.828571319580078,47.82857131958008,,,,,,,
music for a quiet sunrise,figma,segment,8,alone_in_the_crowd,Alone In the Crowd,0.27868107,207.66737365722656,232.66737365722656,,,,,,,
music for riding across an open landscape,figma,segment,1,let_the_wolf_out,Let the Wolf Out,0.39514649,0.0,25.0,3,,,,,,
music for riding across an open landscape,figma,segment,2,dark_blue_horizon,Dark Blue Horizon,0.28814679,193.1205596923828,218.1205596923828,,,,,,,
music for riding across an open landscape,figma,segment,3,avalon,Quest for Avalon,0.28797072,571.000732421875,596.000732421875,,,,,,,
music for riding across an open landscape,figma,segment,4,classical_is_so_metal,Classical Is So Metal,0.22582485,0.0,25.0,,,,,,,
music for riding across an open landscape,figma,segment,5,cry_of_the_elves,The Cry of the Elves,0.22279382,0.0,25.0,,,,,,,
music for riding across an open landscape,figma,segment,6,ancient_ritual,Ancient Ritual,0.19757333,45.657142639160156,70.65714263916016,,,,,,,
music for riding across an open landscape,figma,segment,7,dawn_in_istoccar,Dawn in Istoccar,0.12824145,0.0,25.0,,,,,,,
music for riding across an open landscape,figma,segment,8,night_at_the_tavern,A Night at the Tavern,0.12677318,51.89714431762695,76.89714050292969,,,,,,,
epic but calm,figma,segment,1,avalon,Quest for Avalon,0.57139492,0.0,25.0,3,,,,,,
epic but calm,figma,segment,2,raven_lullaby,Raven Lullaby,0.49517858,0.0,25.0,,,,,,,
epic but calm,figma,segment,3,cry_of_the_elves,The Cry of the Elves,0.45770624,0.0,25.0,,,,,,,
epic but calm,figma,segment,4,alone_in_the_crowd,Alone In the Crowd,0.35918176,0.0,25.0,,,,,,,
epic but calm,figma,segment,5,edge,The Edge of the Unknown,0.32496601,35.11442947387695,60.11442947387695,,,,,,,
epic but calm,figma,segment,6,icebreaker_storm,Icebreaker Into the Storm,0.31940609,70.01599884033203,95.01599884033203,,,,,,,
epic but calm,figma,segment,7,dark_blue_horizon,Dark Blue Horizon,0.31367165,48.28014373779297,73.28014373779297,,,,,,,
epic but calm,figma,segment,8,healing_wind,Healing Wind,0.31172889,56.70000076293945,81.69999694824219,,,,,,,
heroic without battle,figma,segment,1,avalon,Quest for Avalon,0.54835403,0.0,25.0,3,,,,,,
heroic without battle,figma,segment,2,cry_of_the_elves,The Cry of the Elves,0.44285905,0.0,25.0,,,,,,,
heroic without battle,figma,segment,3,raven_lullaby,Raven Lullaby,0.26457620,0.0,25.0,,,,,,,
heroic without battle,figma,segment,4,alone_in_the_crowd,Alone In the Crowd,0.26247600,0.0,25.0,,,,,,,
heroic without battle,figma,segment,5,ancient_ritual,Ancient Ritual,0.23005214,114.14286041259766,139.14285278320312,,,,,,,
heroic without battle,figma,segment,6,night_at_the_tavern,A Night at the Tavern,0.21293125,0.0,25.0,,,,,,,
heroic without battle,figma,segment,7,let_the_wolf_out,Let the Wolf Out,0.18627658,0.0,25.0,,,,,,,
heroic without battle,figma,segment,8,healing_wind,Healing Wind,0.16439219,56.70000076293945,81.69999694824219,,,,,,,
fantasy flute without epic orchestra,figma,segment,1,avalon,Quest for Avalon,0.63159239,0.0,25.0,1,,,,,,
fantasy flute without epic orchestra,figma,segment,2,cry_of_the_elves,The Cry of the Elves,0.51358366,0.0,25.0,,,,,,,
fantasy flute without epic orchestra,figma,segment,3,raven_lullaby,Raven Lullaby,0.38971007,0.0,25.0,,,,,,,
fantasy flute without epic orchestra,figma,segment,4,ancient_ritual,Ancient Ritual,0.38348585,0.0,25.0,3,,,,,,
fantasy flute without epic orchestra,figma,segment,5,edge,The Edge of the Unknown,0.30286294,35.11442947387695,60.11442947387695,,,,,,,
fantasy flute without epic orchestra,figma,segment,6,night_at_the_tavern,A Night at the Tavern,0.28986216,31.138286590576172,56.13828659057617,,,,,,,
fantasy flute without epic orchestra,figma,segment,7,alone_in_the_crowd,Alone In the Crowd,0.24352862,0.0,25.0,,,,,,,
fantasy flute without epic orchestra,figma,segment,8,let_the_wolf_out,Let the Wolf Out,0.22872210,0.0,25.0,,,,,,,
something powerful but still emotional,figma,segment,1,raven_lullaby,Raven Lullaby,0.50853288,0.0,25.0,3,,,,,,
something powerful but still emotional,figma,segment,2,avalon,Quest for Avalon,0.49958804,0.0,25.0,,,,,,,
something powerful but still emotional,figma,segment,3,cry_of_the_elves,The Cry of the Elves,0.47181529,0.0,25.0,,,,,,,
something powerful but still emotional,figma,segment,4,alone_in_the_crowd,Alone In the Crowd,0.35272491,0.0,25.0,,,,,,,
something powerful but still emotional,figma,segment,5,healing_wind,Healing Wind,0.29764748,56.70000076293945,81.69999694824219,,,,,,,
something powerful but still emotional,figma,segment,6,dark_blue_horizon,Dark Blue Horizon,0.29084909,48.28014373779297,73.28014373779297,,,,,,,
something powerful but still emotional,figma,segment,7,let_the_wolf_out,Let the Wolf Out,0.28060335,0.0,25.0,,,,,,,
something powerful but still emotional,figma,segment,8,ancient_ritual,Ancient Ritual,0.26559356,22.828571319580078,47.82857131958008,,,,,,,
a quiet piece that slowly becomes more powerful,figma,segment,1,avalon,Quest for Avalon,0.62998724,0.0,25.0,3,,,,,,
a quiet piece that slowly becomes more powerful,figma,segment,2,cry_of_the_elves,The Cry of the Elves,0.38400662,0.0,25.0,,,,,,,
a quiet piece that slowly becomes more powerful,figma,segment,3,dark_blue_horizon,Dark Blue Horizon,0.32459477,0.0,25.0,,,,,,,
a quiet piece that slowly becomes more powerful,figma,segment,4,healing_wind,Healing Wind,0.30120361,56.70000076293945,81.69999694824219,,,,,,,
a quiet piece that slowly becomes more powerful,figma,segment,5,raven_lullaby,Raven Lullaby,0.28263515,0.0,25.0,,,,,,,
a quiet piece that slowly becomes more powerful,figma,segment,6,let_the_wolf_out,Let the Wolf Out,0.25659427,0.0,25.0,,,,,,,
a quiet piece that slowly becomes more powerful,figma,segment,7,edge,The Edge of the Unknown,0.19540633,175.5721435546875,200.5721435546875,,,,,,,
a quiet piece that slowly becomes more powerful,figma,segment,8,night_at_the_tavern,A Night at the Tavern,0.18841854,20.75885772705078,45.75885772705078,,,,,,,
epic music,figma,hybrid,1,raven_lullaby,Raven Lullaby,0.55063230,41.599998474121094,66.5999984741211,,,,,,,
epic music,figma,hybrid,2,avalon,Quest for Avalon,0.54894972,0.0,25.0,,,,,,,
epic music,figma,hybrid,3,let_the_wolf_out,Let the Wolf Out,0.47532973,172.33404541015625,197.33404541015625,,,,,,,
epic music,figma,hybrid,4,dark_blue_horizon,Dark Blue Horizon,0.40105008,193.1205596923828,218.1205596923828,,,,,,,
epic music,figma,hybrid,5,dawn_in_istoccar,Dawn in Istoccar,0.39845361,48.0,73.0,,,,,,,
epic music,figma,hybrid,6,icebreaker_storm,Icebreaker Into the Storm,0.38096905,70.01599884033203,95.01599884033203,,,,,,,
epic music,figma,hybrid,7,edge,The Edge of the Unknown,0.37137294,140.4577178955078,165.4577178955078,3,,,,,,
epic music,figma,hybrid,8,ancient_ritual,Ancient Ritual,0.35603268,22.828571319580078,47.82857131958008,,,,,,,
dark fantasy music,figma,hybrid,1,avalon,Quest for Avalon,0.55809048,0.0,25.0,2,,,,,,
dark fantasy music,figma,hybrid,2,raven_lullaby,Raven Lullaby,0.54217386,41.599998474121094,66.5999984741211,,,,,,,
dark fantasy music,figma,hybrid,3,let_the_wolf_out,Let the Wolf Out,0.53442502,68.9336166381836,93.9336166381836,2,,,,,,
dark fantasy music,figma,hybrid,4,dark_blue_horizon,Dark Blue Horizon,0.45896001,193.1205596923828,218.1205596923828,,,,,,,
dark fantasy music,figma,hybrid,5,galloping_to_kugrant,Galloping to Kugrant,0.43773435,69.0,94.0,,,,,,,
dark fantasy music,figma,hybrid,6,icebreaker_storm,Icebreaker Into the Storm,0.43601573,17.503999710083008,42.50400161743164,,,,,,,
dark fantasy music,figma,hybrid,7,edge,The Edge of the Unknown,0.43305531,35.11442947387695,60.11442947387695,,,,,,,
dark fantasy music,figma,hybrid,8,ancient_ritual,Ancient Ritual,0.41060862,22.828571319580078,47.82857131958008,,,,,,,
peaceful fantasy music,figma,hybrid,1,let_the_wolf_out,Let the Wolf Out,0.53725797,68.9336166381836,93.9336166381836,3,,,,,,
peaceful fantasy music,figma,hybrid,2,raven_lullaby,Raven Lullaby,0.50602300,41.599998474121094,66.5999984741211,,,,,,,
peaceful fantasy music,figma,hybrid,3,dark_blue_horizon,Dark Blue Horizon,0.49367385,193.1205596923828,218.1205596923828,,,,,,,
peaceful fantasy music,figma,hybrid,4,avalon,Quest for Avalon,0.48641980,114.20014190673828,139.2001495361328,,,,,,,
peaceful fantasy music,figma,hybrid,5,edge,The Edge of the Unknown,0.46795417,35.11442947387695,60.11442947387695,,,,,,,
peaceful fantasy music,figma,hybrid,6,cry_of_the_elves,The Cry of the Elves,0.43389964,0.0,25.0,,,,,,,
peaceful fantasy music,figma,hybrid,7,alone_in_the_crowd,Alone In the Crowd,0.40811275,207.66737365722656,232.66737365722656,,,,,,,
peaceful fantasy music,figma,hybrid,8,ancient_ritual,Ancient Ritual,0.40298563,0.0,25.0,,,,,,,
emotional orchestral music,figma,hybrid,1,raven_lullaby,Raven Lullaby,0.65069246,124.80000305175781,149.8000030517578,3,,,,,,
emotional orchestral music,figma,hybrid,2,avalon,Quest for Avalon,0.64372224,0.0,25.0,,,,,,,
emotional orchestral music,figma,hybrid,3,let_the_wolf_out,Let the Wolf Out,0.49991801,68.9336166381836,93.9336166381836,,,,,,,
emotional orchestral music,figma,hybrid,4,dark_blue_horizon,Dark Blue Horizon,0.46793474,0.0,25.0,,,,,,,
emotional orchestral music,figma,hybrid,5,icebreaker_storm,Icebreaker Into the Storm,0.46420734,17.503999710083008,42.50400161743164,,,,,,,
emotional orchestral music,figma,hybrid,6,dawn_in_istoccar,Dawn in Istoccar,0.46216407,24.0,49.0,,,,,,,
emotional orchestral music,figma,hybrid,7,galloping_to_kugrant,Galloping to Kugrant,0.44659333,69.0,94.0,,,,,,,
emotional orchestral music,figma,hybrid,8,cry_of_the_elves,The Cry of the Elves,0.41833745,0.0,25.0,,,,,,,
soft medieval flute,figma,hybrid,1,avalon,Quest for Avalon,0.43349817,0.0,25.0,2,no,,,,,
soft medieval flute,figma,hybrid,2,cry_of_the_elves,The Cry of the Elves,0.34128125,0.0,25.0,2,no,,,,,
soft medieval flute,figma,hybrid,3,raven_lullaby,Raven Lullaby,0.26436011,83.19999694824219,108.19999694824219,,,,,,,
soft medieval flute,figma,hybrid,4,ancient_ritual,Ancient Ritual,0.23910075,0.0,25.0,3,yes,,,,,
soft medieval flute,figma,hybrid,5,night_at_the_tavern,A Night at the Tavern,0.21994232,31.138286590576172,56.13828659057617,,,,,,,
soft medieval flute,figma,hybrid,6,let_the_wolf_out,Let the Wolf Out,0.14519484,0.0,25.0,,,,,,,
soft medieval flute,figma,hybrid,7,edge,The Edge of the Unknown,0.13852060,35.11442947387695,60.11442947387695,,,,,,,
soft medieval flute,figma,hybrid,8,dark_blue_horizon,Dark Blue Horizon,0.12260356,241.4007110595703,266.40069580078125,,,,,,,
emotional solo violin,figma,hybrid,1,raven_lullaby,Raven Lullaby,0.54439020,83.19999694824219,108.19999694824219,3,,,,,,
emotional solo violin,figma,hybrid,2,avalon,Quest for Avalon,0.50599851,0.0,25.0,,,,,,,
emotional solo violin,figma,hybrid,3,cry_of_the_elves,The Cry of the Elves,0.37185343,0.0,25.0,,,,,,,
emotional solo violin,figma,hybrid,4,alone_in_the_crowd,Alone In the Crowd,0.31276573,166.13389587402344,191.13389587402344,,,,,,,
emotional solo violin,figma,hybrid,5,let_the_wolf_out,Let the Wolf Out,0.30236670,0.0,25.0,,,,,,,
emotional solo violin,figma,hybrid,6,icebreaker_storm,Icebreaker Into the Storm,0.25888036,70.01599884033203,95.01599884033203,,,,,,,
emotional solo violin,figma,hybrid,7,dawn_in_istoccar,Dawn in Istoccar,0.25303948,72.0,97.0,,,,,,,
emotional solo violin,figma,hybrid,8,classical_is_so_metal,Classical Is So Metal,0.22441357,0.0,25.0,,,,,,,
music with choir and heavy percussion,figma,hybrid,1,avalon,Quest for Avalon,0.50027210,456.8005676269531,481.8005676269531,3,,,,,,
music with choir and heavy percussion,figma,hybrid,2,raven_lullaby,Raven Lullaby,0.45514293,124.80000305175781,149.8000030517578,,,,,,,
music with choir and heavy percussion,figma,hybrid,3,night_at_the_tavern,A Night at the Tavern,0.39718659,31.138286590576172,56.13828659057617,,,,,,,
music with choir and heavy percussion,figma,hybrid,4,galloping_to_kugrant,Galloping to Kugrant,0.38291243,0.0,25.0,,,,,,,
music with choir and heavy percussion,figma,hybrid,5,icebreaker_storm,Icebreaker Into the Storm,0.33508191,17.503999710083008,42.50400161743164,,,,,,,
music with choir and heavy percussion,figma,hybrid,6,dark_blue_horizon,Dark Blue Horizon,0.31078528,48.28014373779297,73.28014373779297,,,,,,,
music with choir and heavy percussion,figma,hybrid,7,let_the_wolf_out,Let the Wolf Out,0.28742392,172.33404541015625,197.33404541015625,,,,,,,
music with choir and heavy percussion,figma,hybrid,8,edge,The Edge of the Unknown,0.27739742,140.4577178955078,165.4577178955078,,,,,,,
gentle strings and flute,figma,hybrid,1,avalon,Quest for Avalon,0.42703056,228.40028381347656,253.40028381347656,3,,,,,,
gentle strings and flute,figma,hybrid,2,let_the_wolf_out,Let the Wolf Out,0.41964167,0.0,25.0,,,,,,,
gentle strings and flute,figma,hybrid,3,raven_lullaby,Raven Lullaby,0.40483479,83.19999694824219,108.19999694824219,,,,,,,
gentle strings and flute,figma,hybrid,4,alone_in_the_crowd,Alone In the Crowd,0.38908425,124.60042572021484,149.6004180908203,,,,,,,
gentle strings and flute,figma,hybrid,5,cry_of_the_elves,The Cry of the Elves,0.37296958,0.0,25.0,,,,,,,
gentle strings and flute,figma,hybrid,6,ancient_ritual,Ancient Ritual,0.36753815,0.0,25.0,,,,,,,
gentle strings and flute,figma,hybrid,7,dark_blue_horizon,Dark Blue Horizon,0.35128355,241.4007110595703,266.40069580078125,,,,,,,
gentle strings and flute,figma,hybrid,8,edge,The Edge of the Unknown,0.29724650,35.11442947387695,60.11442947387695,,,,,,,
"soft medieval flute, melancholic and peaceful",figma,hybrid,1,cry_of_the_elves,The Cry of the Elves,0.42213303,0.0,25.0,2,,,,,,
"soft medieval flute, melancholic and peaceful",figma,hybrid,2,avalon,Quest for Avalon,0.33225510,0.0,25.0,,,,,,,
"soft medieval flute, melancholic and peaceful",figma,hybrid,3,edge,The Edge of the Unknown,0.30825289,35.11442947387695,60.11442947387695,,,,,,,
"soft medieval flute, melancholic and peaceful",figma,hybrid,4,healing_wind,Healing Wind,0.28980313,56.70000076293945,81.69999694824219,,,,,,,
"soft medieval flute, melancholic and peaceful",figma,hybrid,5,raven_lullaby,Raven Lullaby,0.28807335,41.599998474121094,66.5999984741211,,,,,,,
"soft medieval flute, melancholic and peaceful",figma,hybrid,6,ancient_ritual,Ancient Ritual,0.22182227,0.0,25.0,3,,,,,,
"soft medieval flute, melancholic and peaceful",figma,hybrid,7,galloping_to_kugrant,Galloping to Kugrant,0.13914928,69.0,94.0,,,,,,,
"soft medieval flute, melancholic and peaceful",figma,hybrid,8,marching_city_gates,Marching Through City Gates,0.11247741,24.399999618530273,49.400001525878906,,,,,,,
epic orchestral music with choir but not too aggressive,figma,hybrid,1,raven_lullaby,Raven Lullaby,0.62557316,124.80000305175781,149.8000030517578,3,,,,,,
epic orchestral music with choir but not too aggressive,figma,hybrid,2,avalon,Quest for Avalon,0.44072570,0.0,25.0,,,,,,,
epic orchestral music with choir but not too aggressive,figma,hybrid,3,icebreaker_storm,Icebreaker Into the Storm,0.43461336,17.503999710083008,42.50400161743164,,,,,,,
epic orchestral music with choir but not too aggressive,figma,hybrid,4,galloping_to_kugrant,Galloping to Kugrant,0.41923971,69.0,94.0,,,,,,,
epic orchestral music with choir but not too aggressive,figma,hybrid,5,edge,The Edge of the Unknown,0.38031723,35.11442947387695,60.11442947387695,,,,,,,
epic orchestral music with choir but not too aggressive,figma,hybrid,6,cry_of_the_elves,The Cry of the Elves,0.34546143,0.0,25.0,,,,,,,
epic orchestral music with choir but not too aggressive,figma,hybrid,7,alone_in_the_crowd,Alone In the Crowd,0.33795714,0.0,25.0,,,,,,,
epic orchestral music with choir but not too aggressive,figma,hybrid,8,let_the_wolf_out,Let the Wolf Out,0.31478152,68.9336166381836,93.9336166381836,,,,,,,
dark but not aggressive,figma,hybrid,1,avalon,Quest for Avalon,0.49325521,571.000732421875,596.000732421875,3,,,,,,
dark but not aggressive,figma,hybrid,2,cry_of_the_elves,The Cry of the Elves,0.36145446,0.0,25.0,,,,,,,
dark but not aggressive,figma,hybrid,3,ancient_ritual,Ancient Ritual,0.31970523,0.0,25.0,,,,,,,
dark but not aggressive,figma,hybrid,4,edge,The Edge of the Unknown,0.26207019,35.11442947387695,60.11442947387695,,,,,,,
dark but not aggressive,figma,hybrid,5,healing_wind,Healing Wind,0.24518941,56.70000076293945,81.69999694824219,,,,,,,
dark but not aggressive,figma,hybrid,6,icebreaker_storm,Icebreaker Into the Storm,0.23138374,70.01599884033203,95.01599884033203,,,,,,,
dark but not aggressive,figma,hybrid,7,raven_lullaby,Raven Lullaby,0.22043616,0.0,25.0,,,,,,,
dark but not aggressive,figma,hybrid,8,galloping_to_kugrant,Galloping to Kugrant,0.19759184,0.0,25.0,,,,,,,
heroic but reflective,figma,hybrid,1,avalon,Quest for Avalon,0.40946390,0.0,25.0,3,,,,,,
heroic but reflective,figma,hybrid,2,cry_of_the_elves,The Cry of the Elves,0.31626610,0.0,25.0,,,,,,,
heroic but reflective,figma,hybrid,3,raven_lullaby,Raven Lullaby,0.31239302,0.0,25.0,,,,,,,
heroic but reflective,figma,hybrid,4,healing_wind,Healing Wind,0.19979478,56.70000076293945,81.69999694824219,,,,,,,
heroic but reflective,figma,hybrid,5,ancient_ritual,Ancient Ritual,0.16958043,0.0,25.0,,,,,,,
heroic but reflective,figma,hybrid,6,dark_blue_horizon,Dark Blue Horizon,0.16738648,0.0,25.0,,,,,,,
heroic but reflective,figma,hybrid,7,alone_in_the_crowd,Alone In the Crowd,0.15555311,0.0,25.0,,,,,,,
heroic but reflective,figma,hybrid,8,let_the_wolf_out,Let the Wolf Out,0.15533724,0.0,25.0,,,,,,,
music for exploring ancient ruins,figma,hybrid,1,avalon,Quest for Avalon,0.51768675,0.0,25.0,3,,,,,,
music for exploring ancient ruins,figma,hybrid,2,let_the_wolf_out,Let the Wolf Out,0.41440974,172.33404541015625,197.33404541015625,,,,,,,
music for exploring ancient ruins,figma,hybrid,3,ancient_ritual,Ancient Ritual,0.36883000,68.4857177734375,93.4857177734375,,,,,,,
music for exploring ancient ruins,figma,hybrid,4,night_at_the_tavern,A Night at the Tavern,0.34999372,31.138286590576172,56.13828659057617,,,,,,,
music for exploring ancient ruins,figma,hybrid,5,dark_blue_horizon,Dark Blue Horizon,0.34857185,193.1205596923828,218.1205596923828,,,,,,,
music for exploring ancient ruins,figma,hybrid,6,raven_lullaby,Raven Lullaby,0.32904938,124.80000305175781,149.8000030517578,,,,,,,
music for exploring ancient ruins,figma,hybrid,7,edge,The Edge of the Unknown,0.29860069,140.4577178955078,165.4577178955078,,,,,,,
music for exploring ancient ruins,figma,hybrid,8,galloping_to_kugrant,Galloping to Kugrant,0.21786496,41.400001525878906,66.4000015258789,,,,,,,
music for a quiet sunrise,figma,hybrid,1,avalon,Quest for Avalon,0.43957283,0.0,25.0,3,,,,,,
music for a quiet sunrise,figma,hybrid,2,raven_lullaby,Raven Lullaby,0.41246317,83.19999694824219,108.19999694824219,,,,,,,
music for a quiet sunrise,figma,hybrid,3,let_the_wolf_out,Let the Wolf Out,0.40511447,0.0,25.0,3,,,,,,
music for a quiet sunrise,figma,hybrid,4,dark_blue_horizon,Dark Blue Horizon,0.37850839,193.1205596923828,218.1205596923828,,,,,,,
music for a quiet sunrise,figma,hybrid,5,dawn_in_istoccar,Dawn in Istoccar,0.29101075,24.0,49.0,,,,,,,
music for a quiet sunrise,figma,hybrid,6,alone_in_the_crowd,Alone In the Crowd,0.28496139,207.66737365722656,232.66737365722656,,,,,,,
music for a quiet sunrise,figma,hybrid,7,cry_of_the_elves,The Cry of the Elves,0.28123042,0.0,25.0,,,,,,,
music for a quiet sunrise,figma,hybrid,8,ancient_ritual,Ancient Ritual,0.21718422,22.828571319580078,47.82857131958008,,,,,,,
music for riding across an open landscape,figma,hybrid,1,let_the_wolf_out,Let the Wolf Out,0.29437792,0.0,25.0,3,,,,,,
music for riding across an open landscape,figma,hybrid,2,dark_blue_horizon,Dark Blue Horizon,0.24760574,193.1205596923828,218.1205596923828,,,,,,,
music for riding across an open landscape,figma,hybrid,3,avalon,Quest for Avalon,0.22385353,571.000732421875,596.000732421875,,,,,,,
music for riding across an open landscape,figma,hybrid,4,ancient_ritual,Ancient Ritual,0.16751673,45.657142639160156,70.65714263916016,,,,,,,
music for riding across an open landscape,figma,hybrid,5,dawn_in_istoccar,Dawn in Istoccar,0.11348005,0.0,25.0,,,,,,,
music for riding across an open landscape,figma,hybrid,6,cry_of_the_elves,The Cry of the Elves,0.09247836,0.0,25.0,,,,,,,
music for riding across an open landscape,figma,hybrid,7,classical_is_so_metal,Classical Is So Metal,0.07298263,0.0,25.0,,,,,,,
music for riding across an open landscape,figma,hybrid,8,night_at_the_tavern,A Night at the Tavern,0.05931095,51.89714431762695,76.89714050292969,,,,,,,
epic but calm,figma,hybrid,1,avalon,Quest for Avalon,0.51775856,0.0,25.0,3,,,,,,
epic but calm,figma,hybrid,2,raven_lullaby,Raven Lullaby,0.46445170,0.0,25.0,,,,,,,
epic but calm,figma,hybrid,3,cry_of_the_elves,The Cry of the Elves,0.38389455,0.0,25.0,,,,,,,
epic but calm,figma,hybrid,4,alone_in_the_crowd,Alone In the Crowd,0.30395021,0.0,25.0,,,,,,,
epic but calm,figma,hybrid,5,edge,The Edge of the Unknown,0.28890902,35.11442947387695,60.11442947387695,,,,,,,
epic but calm,figma,hybrid,6,dark_blue_horizon,Dark Blue Horizon,0.28608268,48.28014373779297,73.28014373779297,,,,,,,
epic but calm,figma,hybrid,7,ancient_ritual,Ancient Ritual,0.26648432,0.0,25.0,,,,,,,
epic but calm,figma,hybrid,8,let_the_wolf_out,Let the Wolf Out,0.26507641,0.0,25.0,,,,,,,
heroic without battle,figma,hybrid,1,avalon,Quest for Avalon,0.45603012,0.0,25.0,3,,,,,,
heroic without battle,figma,hybrid,2,cry_of_the_elves,The Cry of the Elves,0.30987495,0.0,25.0,,,,,,,
heroic without battle,figma,hybrid,3,raven_lullaby,Raven Lullaby,0.22483079,0.0,25.0,,,,,,,
heroic without battle,figma,hybrid,4,ancient_ritual,Ancient Ritual,0.21992855,114.14286041259766,139.14285278320312,,,,,,,
heroic without battle,figma,hybrid,5,alone_in_the_crowd,Alone In the Crowd,0.17223325,0.0,25.0,,,,,,,
heroic without battle,figma,hybrid,6,night_at_the_tavern,A Night at the Tavern,0.16215169,0.0,25.0,,,,,,,
heroic without battle,figma,hybrid,7,let_the_wolf_out,Let the Wolf Out,0.13595200,0.0,25.0,,,,,,,
heroic without battle,figma,hybrid,8,dark_blue_horizon,Dark Blue Horizon,0.08564452,144.84042358398438,169.84042358398438,,,,,,,
fantasy flute without epic orchestra,figma,hybrid,1,avalon,Quest for Avalon,0.57162082,0.0,25.0,1,,,,,,
fantasy flute without epic orchestra,figma,hybrid,2,cry_of_the_elves,The Cry of the Elves,0.38468383,0.0,25.0,,,,,,,
fantasy flute without epic orchestra,figma,hybrid,3,raven_lullaby,Raven Lullaby,0.35440631,0.0,25.0,,,,,,,
fantasy flute without epic orchestra,figma,hybrid,4,ancient_ritual,Ancient Ritual,0.33280942,0.0,25.0,3,,,,,,
fantasy flute without epic orchestra,figma,hybrid,5,night_at_the_tavern,A Night at the Tavern,0.26778238,31.138286590576172,56.13828659057617,,,,,,,
fantasy flute without epic orchestra,figma,hybrid,6,edge,The Edge of the Unknown,0.25526694,35.11442947387695,60.11442947387695,,,,,,,
fantasy flute without epic orchestra,figma,hybrid,7,alone_in_the_crowd,Alone In the Crowd,0.22806553,0.0,25.0,,,,,,,
fantasy flute without epic orchestra,figma,hybrid,8,let_the_wolf_out,Let the Wolf Out,0.18835393,0.0,25.0,,,,,,,
something powerful but still emotional,figma,hybrid,1,raven_lullaby,Raven Lullaby,0.48825410,0.0,25.0,3,,,,,,
something powerful but still emotional,figma,hybrid,2,avalon,Quest for Avalon,0.41824831,0.0,25.0,,,,,,,
something powerful but still emotional,figma,hybrid,3,cry_of_the_elves,The Cry of the Elves,0.36046265,0.0,25.0,,,,,,,
something powerful but still emotional,figma,hybrid,4,alone_in_the_crowd,Alone In the Crowd,0.26564994,0.0,25.0,,,,,,,
something powerful but still emotional,figma,hybrid,5,let_the_wolf_out,Let the Wolf Out,0.25399481,0.0,25.0,,,,,,,
something powerful but still emotional,figma,hybrid,6,ancient_ritual,Ancient Ritual,0.24091208,22.828571319580078,47.82857131958008,,,,,,,
something powerful but still emotional,figma,hybrid,7,dark_blue_horizon,Dark Blue Horizon,0.24086466,48.28014373779297,73.28014373779297,,,,,,,
something powerful but still emotional,figma,hybrid,8,galloping_to_kugrant,Galloping to Kugrant,0.21790471,69.0,94.0,,,,,,,
a quiet piece that slowly becomes more powerful,figma,hybrid,1,avalon,Quest for Avalon,0.54032671,0.0,25.0,3,,,,,,
a quiet piece that slowly becomes more powerful,figma,hybrid,2,dark_blue_horizon,Dark Blue Horizon,0.28380992,0.0,25.0,,,,,,,
a quiet piece that slowly becomes more powerful,figma,hybrid,3,cry_of_the_elves,The Cry of the Elves,0.26256279,0.0,25.0,,,,,,,
a quiet piece that slowly becomes more powerful,figma,hybrid,4,raven_lullaby,Raven Lullaby,0.24095819,0.0,25.0,,,,,,,
a quiet piece that slowly becomes more powerful,figma,hybrid,5,let_the_wolf_out,Let the Wolf Out,0.18661922,0.0,25.0,,,,,,,
a quiet piece that slowly becomes more powerful,figma,hybrid,6,healing_wind,Healing Wind,0.18342835,56.70000076293945,81.69999694824219,,,,,,,
a quiet piece that slowly becomes more powerful,figma,hybrid,7,ancient_ritual,Ancient Ritual,0.15387934,45.657142639160156,70.65714263916016,,,,,,,
a quiet piece that slowly becomes more powerful,figma,hybrid,8,edge,The Edge of the Unknown,0.14209850,175.5721435546875,200.5721435546875,,,,,,,
epic music,muq_mulan,global,1,edge,The Edge of the Unknown,0.29236254,140.4577178955078,165.4577178955078,3,,,,,,
epic music,muq_mulan,global,2,marching_city_gates,Marching Through City Gates,0.26514852,0.0,25.0,,,,,,,
epic music,muq_mulan,global,3,dark_blue_horizon,Dark Blue Horizon,0.26167285,241.4007110595703,266.40069580078125,,,,,,,
epic music,muq_mulan,global,4,dawn_in_istoccar,Dawn in Istoccar,0.25094527,0.0,25.0,,,,,,,
epic music,muq_mulan,global,5,avalon,Quest for Avalon,0.23270452,571.000732421875,596.000732421875,,,,,,,
epic music,muq_mulan,global,6,icebreaker_storm,Icebreaker Into the Storm,0.22951518,87.5199966430664,112.5199966430664,,,,,,,
epic music,muq_mulan,global,7,galloping_to_kugrant,Galloping to Kugrant,0.19904718,13.800000190734863,38.79999923706055,,,,,,,
epic music,muq_mulan,global,8,cry_of_the_elves,The Cry of the Elves,0.19547957,62.53361511230469,87.53361511230469,,,,,,,
dark fantasy music,muq_mulan,global,1,cry_of_the_elves,The Cry of the Elves,0.24275461,156.33404541015625,181.33404541015625,3,,,,,,
dark fantasy music,muq_mulan,global,2,edge,The Edge of the Unknown,0.21225849,70.2288589477539,95.2288589477539,,,,,,,
dark fantasy music,muq_mulan,global,3,dark_blue_horizon,Dark Blue Horizon,0.13383952,48.28014373779297,73.28014373779297,,,,,,,
dark fantasy music,muq_mulan,global,4,dawn_in_istoccar,Dawn in Istoccar,0.12724602,0.0,25.0,,,,,,,
dark fantasy music,muq_mulan,global,5,icebreaker_storm,Icebreaker Into the Storm,0.12594688,17.503999710083008,42.50400161743164,,,,,,,
dark fantasy music,muq_mulan,global,6,healing_wind,Healing Wind,0.11581618,37.79999923706055,62.79999923706055,,,,,,,
dark fantasy music,muq_mulan,global,7,avalon,Quest for Avalon,0.11289587,571.000732421875,596.000732421875,,,,,,,
dark fantasy music,muq_mulan,global,8,raven_lullaby,Raven Lullaby,0.10988519,0.0,25.0,,,,,,,
peaceful fantasy music,muq_mulan,global,1,dark_blue_horizon,Dark Blue Horizon,0.35665649,241.4007110595703,266.40069580078125,3,,,,,,
peaceful fantasy music,muq_mulan,global,2,avalon,Quest for Avalon,0.31886357,114.20014190673828,139.2001495361328,,,,,,,
peaceful fantasy music,muq_mulan,global,3,cry_of_the_elves,The Cry of the Elves,0.27495402,156.33404541015625,181.33404541015625,,,,,,,
peaceful fantasy music,muq_mulan,global,4,healing_wind,Healing Wind,0.22350997,0.0,25.0,,,,,,,
peaceful fantasy music,muq_mulan,global,5,alone_in_the_crowd,Alone In the Crowd,0.20916316,207.66737365722656,232.66737365722656,,,,,,,
peaceful fantasy music,muq_mulan,global,6,raven_lullaby,Raven Lullaby,0.18390426,0.0,25.0,,,,,,,
peaceful fantasy music,muq_mulan,global,7,classical_is_so_metal,Classical Is So Metal,0.18198280,21.200000762939453,46.20000076293945,,,,,,,
peaceful fantasy music,muq_mulan,global,8,let_the_wolf_out,Let the Wolf Out,0.17676052,0.0,25.0,,,,,,,
emotional orchestral music,muq_mulan,global,1,dawn_in_istoccar,Dawn in Istoccar,0.16565225,72.0,97.0,3,,,,,,
emotional orchestral music,muq_mulan,global,2,raven_lullaby,Raven Lullaby,0.12200707,166.39999389648438,191.39999389648438,,,,,,,
emotional orchestral music,muq_mulan,global,3,let_the_wolf_out,Let the Wolf Out,0.11467141,34.4668083190918,59.4668083190918,,,,,,,
emotional orchestral music,muq_mulan,global,4,alone_in_the_crowd,Alone In the Crowd,0.10582637,207.66737365722656,232.66737365722656,,,,,,,
emotional orchestral music,muq_mulan,global,5,icebreaker_storm,Icebreaker Into the Storm,0.10408383,87.5199966430664,112.5199966430664,,,,,,,
emotional orchestral music,muq_mulan,global,6,dark_blue_horizon,Dark Blue Horizon,0.10403876,241.4007110595703,266.40069580078125,,,,,,,
emotional orchestral music,muq_mulan,global,7,marching_city_gates,Marching Through City Gates,0.09146929,0.0,25.0,,,,,,,
emotional orchestral music,muq_mulan,global,8,galloping_to_kugrant,Galloping to Kugrant,0.05923009,55.20000076293945,80.19999694824219,,,,,,,
soft medieval flute,muq_mulan,global,1,raven_lullaby,Raven Lullaby,0.14525566,166.39999389648438,191.39999389648438,,,,,,,
soft medieval flute,muq_mulan,global,2,let_the_wolf_out,Let the Wolf Out,0.10442099,103.40042877197266,128.40042114257812,,,,,,,
soft medieval flute,muq_mulan,global,3,avalon,Quest for Avalon,0.09440760,228.40028381347656,253.40028381347656,,,,,,,
soft medieval flute,muq_mulan,global,4,alone_in_the_crowd,Alone In the Crowd,0.09228747,166.13389587402344,191.13389587402344,,,,,,,
soft medieval flute,muq_mulan,global,5,ancient_ritual,Ancient Ritual,0.08667569,0.0,25.0,3,yes,,,,,
soft medieval flute,muq_mulan,global,6,dark_blue_horizon,Dark Blue Horizon,0.07480953,241.4007110595703,266.40069580078125,,,,,,,
soft medieval flute,muq_mulan,global,7,galloping_to_kugrant,Galloping to Kugrant,0.07090189,69.0,94.0,,,,,,,
soft medieval flute,muq_mulan,global,8,cry_of_the_elves,The Cry of the Elves,0.06783782,31.266807556152344,56.266807556152344,,,,,,,
emotional solo violin,muq_mulan,global,1,raven_lullaby,Raven Lullaby,0.22937228,41.599998474121094,66.5999984741211,3,,,,,,
emotional solo violin,muq_mulan,global,2,healing_wind,Healing Wind,0.08468300,0.0,25.0,,,,,,,
emotional solo violin,muq_mulan,global,3,classical_is_so_metal,Classical Is So Metal,0.08129978,0.0,25.0,,,,,,,
emotional solo violin,muq_mulan,global,4,night_at_the_tavern,A Night at the Tavern,0.00773089,41.51771545410156,66.51771545410156,,,,,,,
emotional solo violin,muq_mulan,global,5,dawn_in_istoccar,Dawn in Istoccar,-0.00772279,72.0,97.0,,,,,,,
emotional solo violin,muq_mulan,global,6,dark_blue_horizon,Dark Blue Horizon,-0.02946489,144.84042358398438,169.84042358398438,,,,,,,
emotional solo violin,muq_mulan,global,7,edge,The Edge of the Unknown,-0.04837271,140.4577178955078,165.4577178955078,,,,,,,
emotional solo violin,muq_mulan,global,8,galloping_to_kugrant,Galloping to Kugrant,-0.05064951,27.600000381469727,52.599998474121094,,,,,,,
music with choir and heavy percussion,muq_mulan,global,1,cry_of_the_elves,The Cry of the Elves,0.43451393,156.33404541015625,181.33404541015625,2,,,,,,
music with choir and heavy percussion,muq_mulan,global,2,marching_city_gates,Marching Through City Gates,0.35500994,0.0,25.0,,,,,,,
music with choir and heavy percussion,muq_mulan,global,3,healing_wind,Healing Wind,0.34108394,0.0,25.0,,,,,,,
music with choir and heavy percussion,muq_mulan,global,4,edge,The Edge of the Unknown,0.30169386,35.11442947387695,60.11442947387695,,,,,,,
music with choir and heavy percussion,muq_mulan,global,5,icebreaker_storm,Icebreaker Into the Storm,0.25493765,52.512001037597656,77.51200103759766,,,,,,,
music with choir and heavy percussion,muq_mulan,global,6,avalon,Quest for Avalon,0.24907286,456.8005676269531,481.8005676269531,3,,,,,,
music with choir and heavy percussion,muq_mulan,global,7,dawn_in_istoccar,Dawn in Istoccar,0.22579868,0.0,25.0,,,,,,,
music with choir and heavy percussion,muq_mulan,global,8,dark_blue_horizon,Dark Blue Horizon,0.22068363,48.28014373779297,73.28014373779297,,,,,,,
gentle strings and flute,muq_mulan,global,1,raven_lullaby,Raven Lullaby,0.30958197,166.39999389648438,191.39999389648438,3,,,,,,
gentle strings and flute,muq_mulan,global,2,alone_in_the_crowd,Alone In the Crowd,0.23978816,207.66737365722656,232.66737365722656,,,,,,,
gentle strings and flute,muq_mulan,global,3,let_the_wolf_out,Let the Wolf Out,0.18951550,103.40042877197266,128.40042114257812,,,,,,,
gentle strings and flute,muq_mulan,global,4,icebreaker_storm,Icebreaker Into the Storm,0.16080907,70.01599884033203,95.01599884033203,,,,,,,
gentle strings and flute,muq_mulan,global,5,galloping_to_kugrant,Galloping to Kugrant,0.14771661,69.0,94.0,,,,,,,
gentle strings and flute,muq_mulan,global,6,dawn_in_istoccar,Dawn in Istoccar,0.14057757,72.0,97.0,,,,,,,
gentle strings and flute,muq_mulan,global,7,marching_city_gates,Marching Through City Gates,0.12405944,0.0,25.0,,,,,,,
gentle strings and flute,muq_mulan,global,8,avalon,Quest for Avalon,0.11065225,114.20014190673828,139.2001495361328,,,,,,,
"soft medieval flute, melancholic and peaceful",muq_mulan,global,1,avalon,Quest for Avalon,0.14722031,228.40028381347656,253.40028381347656,,,,,,,
"soft medieval flute, melancholic and peaceful",muq_mulan,global,2,healing_wind,Healing Wind,0.12030804,0.0,25.0,,,,,,,
"soft medieval flute, melancholic and peaceful",muq_mulan,global,3,ancient_ritual,Ancient Ritual,0.11968978,0.0,25.0,3,,,,,,
"soft medieval flute, melancholic and peaceful",muq_mulan,global,4,raven_lullaby,Raven Lullaby,0.11836974,166.39999389648438,191.39999389648438,,,,,,,
"soft medieval flute, melancholic and peaceful",muq_mulan,global,5,dark_blue_horizon,Dark Blue Horizon,0.10002516,241.4007110595703,266.40069580078125,,,,,,,
"soft medieval flute, melancholic and peaceful",muq_mulan,global,6,cry_of_the_elves,The Cry of the Elves,0.09470443,0.0,25.0,2,,,,,,
"soft medieval flute, melancholic and peaceful",muq_mulan,global,7,alone_in_the_crowd,Alone In the Crowd,0.06991339,207.66737365722656,232.66737365722656,,,,,,,
"soft medieval flute, melancholic and peaceful",muq_mulan,global,8,let_the_wolf_out,Let the Wolf Out,0.05735434,0.0,25.0,,,,,,,
epic orchestral music with choir but not too aggressive,muq_mulan,global,1,marching_city_gates,Marching Through City Gates,0.36511576,0.0,25.0,2,,,,,,
epic orchestral music with choir but not too aggressive,muq_mulan,global,2,edge,The Edge of the Unknown,0.29993650,140.4577178955078,165.4577178955078,,,,,,,
epic orchestral music with choir but not too aggressive,muq_mulan,global,3,icebreaker_storm,Icebreaker Into the Storm,0.29461020,87.5199966430664,112.5199966430664,,,,,,,
epic orchestral music with choir but not too aggressive,muq_mulan,global,4,galloping_to_kugrant,Galloping to Kugrant,0.26340470,13.800000190734863,38.79999923706055,,,,,,,
epic orchestral music with choir but not too aggressive,muq_mulan,global,5,cry_of_the_elves,The Cry of the Elves,0.24814260,125.06723022460938,150.06723022460938,,,,,,,
epic orchestral music with choir but not too aggressive,muq_mulan,global,6,dawn_in_istoccar,Dawn in Istoccar,0.22030881,96.0,121.0,,,,,,,
epic orchestral music with choir but not too aggressive,muq_mulan,global,7,ancient_ritual,Ancient Ritual,0.16287738,68.4857177734375,93.4857177734375,,,,,,,
epic orchestral music with choir but not too aggressive,muq_mulan,global,8,let_the_wolf_out,Let the Wolf Out,0.15461886,172.33404541015625,197.33404541015625,,,,,,,
dark but not aggressive,muq_mulan,global,1,edge,The Edge of the Unknown,0.06077775,70.2288589477539,95.2288589477539,3,,,,,,
dark but not aggressive,muq_mulan,global,2,ancient_ritual,Ancient Ritual,0.05494040,45.657142639160156,70.65714263916016,3,,,,,,
dark but not aggressive,muq_mulan,global,3,icebreaker_storm,Icebreaker Into the Storm,0.00241427,17.503999710083008,42.50400161743164,,,,,,,
dark but not aggressive,muq_mulan,global,4,cry_of_the_elves,The Cry of the Elves,0.00146332,125.06723022460938,150.06723022460938,,,,,,,
dark but not aggressive,muq_mulan,global,5,marching_city_gates,Marching Through City Gates,-0.01297738,0.0,25.0,,,,,,,
dark but not aggressive,muq_mulan,global,6,avalon,Quest for Avalon,-0.03126705,456.8005676269531,481.8005676269531,,,,,,,
dark but not aggressive,muq_mulan,global,7,classical_is_so_metal,Classical Is So Metal,-0.03614651,42.400001525878906,67.4000015258789,,,,,,,
dark but not aggressive,muq_mulan,global,8,dark_blue_horizon,Dark Blue Horizon,-0.03773369,0.0,25.0,,,,,,,
heroic but reflective,muq_mulan,global,1,let_the_wolf_out,Let the Wolf Out,0.28563812,34.4668083190918,59.4668083190918,3,,,,,,
heroic but reflective,muq_mulan,global,2,dark_blue_horizon,Dark Blue Horizon,0.26987815,193.1205596923828,218.1205596923828,,,,,,,
heroic but reflective,muq_mulan,global,3,avalon,Quest for Avalon,0.25519931,456.8005676269531,481.8005676269531,,,,,,,
heroic but reflective,muq_mulan,global,4,cry_of_the_elves,The Cry of the Elves,0.22923020,156.33404541015625,181.33404541015625,,,,,,,
heroic but reflective,muq_mulan,global,5,alone_in_the_crowd,Alone In the Crowd,0.22774947,207.66737365722656,232.66737365722656,,,,,,,
heroic but reflective,muq_mulan,global,6,edge,The Edge of the Unknown,0.19880879,175.5721435546875,200.5721435546875,,,,,,,
heroic but reflective,muq_mulan,global,7,ancient_ritual,Ancient Ritual,0.19108382,0.0,25.0,,,,,,,
heroic but reflective,muq_mulan,global,8,dawn_in_istoccar,Dawn in Istoccar,0.17950046,72.0,97.0,,,,,,,
music for exploring ancient ruins,muq_mulan,global,1,avalon,Quest for Avalon,0.40788800,228.40028381347656,253.40028381347656,,,,,,,
music for exploring ancient ruins,muq_mulan,global,2,dark_blue_horizon,Dark Blue Horizon,0.40643737,241.4007110595703,266.40069580078125,2,,,,,,
music for exploring ancient ruins,muq_mulan,global,3,classical_is_so_metal,Classical Is So Metal,0.36297596,21.200000762939453,46.20000076293945,,,,,,,
music for exploring ancient ruins,muq_mulan,global,4,ancient_ritual,Ancient Ritual,0.35945377,91.31428527832031,116.31428527832031,,,,,,,
music for exploring ancient ruins,muq_mulan,global,5,edge,The Edge of the Unknown,0.35141850,140.4577178955078,165.4577178955078,,,,,,,
music for exploring ancient ruins,muq_mulan,global,6,healing_wind,Healing Wind,0.34736598,37.79999923706055,62.79999923706055,,,,,,,
music for exploring ancient ruins,muq_mulan,global,7,cry_of_the_elves,The Cry of the Elves,0.33648676,156.33404541015625,181.33404541015625,,,,,,,
music for exploring ancient ruins,muq_mulan,global,8,marching_city_gates,Marching Through City Gates,0.26554346,0.0,25.0,,,,,,,
music for a quiet sunrise,muq_mulan,global,1,avalon,Quest for Avalon,0.25345215,114.20014190673828,139.2001495361328,3,,,,,,
music for a quiet sunrise,muq_mulan,global,2,dark_blue_horizon,Dark Blue Horizon,0.23819770,241.4007110595703,266.40069580078125,,,,,,,
music for a quiet sunrise,muq_mulan,global,3,alone_in_the_crowd,Alone In the Crowd,0.20205909,207.66737365722656,232.66737365722656,,,,,,,
music for a quiet sunrise,muq_mulan,global,4,raven_lullaby,Raven Lullaby,0.16828932,0.0,25.0,,,,,,,
music for a quiet sunrise,muq_mulan,global,5,cry_of_the_elves,The Cry of the Elves,0.16473135,0.0,25.0,,,,,,,
music for a quiet sunrise,muq_mulan,global,6,ancient_ritual,Ancient Ritual,0.11694992,91.31428527832031,116.31428527832031,,,,,,,
music for a quiet sunrise,muq_mulan,global,7,classical_is_so_metal,Classical Is So Metal,0.10072936,42.400001525878906,67.4000015258789,,,,,,,
music for a quiet sunrise,muq_mulan,global,8,let_the_wolf_out,Let the Wolf Out,0.09560311,0.0,25.0,3,,,,,,
music for riding across an open landscape,muq_mulan,global,1,avalon,Quest for Avalon,0.23712520,0.0,25.0,2,,,,,,
music for riding across an open landscape,muq_mulan,global,2,dark_blue_horizon,Dark Blue Horizon,0.20393512,144.84042358398438,169.84042358398438,,,,,,,
music for riding across an open landscape,muq_mulan,global,3,classical_is_so_metal,Classical Is So Metal,0.18864809,42.400001525878906,67.4000015258789,,,,,,,
music for riding across an open landscape,muq_mulan,global,4,cry_of_the_elves,The Cry of the Elves,0.16802578,156.33404541015625,181.33404541015625,,,,,,,
music for riding across an open landscape,muq_mulan,global,5,alone_in_the_crowd,Alone In the Crowd,0.16320625,207.66737365722656,232.66737365722656,,,,,,,
music for riding across an open landscape,muq_mulan,global,6,healing_wind,Healing Wind,0.15993261,37.79999923706055,62.79999923706055,,,,,,,
music for riding across an open landscape,muq_mulan,global,7,ancient_ritual,Ancient Ritual,0.11381166,91.31428527832031,116.31428527832031,,,,,,,
music for riding across an open landscape,muq_mulan,global,8,raven_lullaby,Raven Lullaby,0.11227034,0.0,25.0,,,,,,,
epic but calm,muq_mulan,global,1,dark_blue_horizon,Dark Blue Horizon,0.34759253,144.84042358398438,169.84042358398438,3,,,,,,
epic but calm,muq_mulan,global,2,avalon,Quest for Avalon,0.34268659,342.6004333496094,367.6004333496094,,,,,,,
epic but calm,muq_mulan,global,3,cry_of_the_elves,The Cry of the Elves,0.32385099,156.33404541015625,181.33404541015625,,,,,,,
epic but calm,muq_mulan,global,4,raven_lullaby,Raven Lullaby,0.22029503,0.0,25.0,,,,,,,
epic but calm,muq_mulan,global,5,dawn_in_istoccar,Dawn in Istoccar,0.20179489,0.0,25.0,,,,,,,
epic but calm,muq_mulan,global,6,edge,The Edge of the Unknown,0.18688893,0.0,25.0,,,,,,,
epic but calm,muq_mulan,global,7,alone_in_the_crowd,Alone In the Crowd,0.18671912,0.0,25.0,,,,,,,
epic but calm,muq_mulan,global,8,let_the_wolf_out,Let the Wolf Out,0.16657397,103.40042877197266,128.40042114257812,,,,,,,
heroic without battle,muq_mulan,global,1,marching_city_gates,Marching Through City Gates,0.32078958,0.0,25.0,3,,,,,,
heroic without battle,muq_mulan,global,2,edge,The Edge of the Unknown,0.29521486,140.4577178955078,165.4577178955078,,,,,,,
heroic without battle,muq_mulan,global,3,icebreaker_storm,Icebreaker Into the Storm,0.24793889,87.5199966430664,112.5199966430664,,,,,,,
heroic without battle,muq_mulan,global,4,let_the_wolf_out,Let the Wolf Out,0.23102608,172.33404541015625,197.33404541015625,,,,,,,
heroic without battle,muq_mulan,global,5,avalon,Quest for Avalon,0.22772029,456.8005676269531,481.8005676269531,,,,,,,
heroic without battle,muq_mulan,global,6,dark_blue_horizon,Dark Blue Horizon,0.22770548,241.4007110595703,266.40069580078125,,,,,,,
heroic without battle,muq_mulan,global,7,galloping_to_kugrant,Galloping to Kugrant,0.22296348,69.0,94.0,,,,,,,
heroic without battle,muq_mulan,global,8,cry_of_the_elves,The Cry of the Elves,0.21735829,62.53361511230469,87.53361511230469,,,,,,,
fantasy flute without epic orchestra,muq_mulan,global,1,marching_city_gates,Marching Through City Gates,0.28852817,0.0,25.0,1,,,,,,
fantasy flute without epic orchestra,muq_mulan,global,2,icebreaker_storm,Icebreaker Into the Storm,0.28000492,52.512001037597656,77.51200103759766,,,,,,,
fantasy flute without epic orchestra,muq_mulan,global,3,let_the_wolf_out,Let the Wolf Out,0.24485584,172.33404541015625,197.33404541015625,,,,,,,
fantasy flute without epic orchestra,muq_mulan,global,4,galloping_to_kugrant,Galloping to Kugrant,0.24073678,69.0,94.0,,,,,,,
fantasy flute without epic orchestra,muq_mulan,global,5,dawn_in_istoccar,Dawn in Istoccar,0.23995715,96.0,121.0,,,,,,,
fantasy flute without epic orchestra,muq_mulan,global,6,dark_blue_horizon,Dark Blue Horizon,0.22253461,241.4007110595703,266.40069580078125,,,,,,,
fantasy flute without epic orchestra,muq_mulan,global,7,avalon,Quest for Avalon,0.20624515,228.40028381347656,253.40028381347656,,,,,,,
fantasy flute without epic orchestra,muq_mulan,global,8,edge,The Edge of the Unknown,0.19860756,105.3432846069336,130.34329223632812,,,,,,,
something powerful but still emotional,muq_mulan,global,1,let_the_wolf_out,Let the Wolf Out,0.21742150,34.4668083190918,59.4668083190918,3,,,,,,
something powerful but still emotional,muq_mulan,global,2,dark_blue_horizon,Dark Blue Horizon,0.20663503,241.4007110595703,266.40069580078125,,,,,,,
something powerful but still emotional,muq_mulan,global,3,alone_in_the_crowd,Alone In the Crowd,0.19636215,207.66737365722656,232.66737365722656,,,,,,,
something powerful but still emotional,muq_mulan,global,4,avalon,Quest for Avalon,0.17652828,456.8005676269531,481.8005676269531,,,,,,,
something powerful but still emotional,muq_mulan,global,5,cry_of_the_elves,The Cry of the Elves,0.15242712,156.33404541015625,181.33404541015625,,,,,,,
something powerful but still emotional,muq_mulan,global,6,raven_lullaby,Raven Lullaby,0.13267326,166.39999389648438,191.39999389648438,,,,,,,
something powerful but still emotional,muq_mulan,global,7,icebreaker_storm,Icebreaker Into the Storm,0.12892231,87.5199966430664,112.5199966430664,,,,,,,
something powerful but still emotional,muq_mulan,global,8,ancient_ritual,Ancient Ritual,0.11595470,22.828571319580078,47.82857131958008,,,,,,,
a quiet piece that slowly becomes more powerful,muq_mulan,global,1,let_the_wolf_out,Let the Wolf Out,0.22364289,34.4668083190918,59.4668083190918,,,,,,,
a quiet piece that slowly becomes more powerful,muq_mulan,global,2,alone_in_the_crowd,Alone In the Crowd,0.22149548,207.66737365722656,232.66737365722656,2,,,,,,
a quiet piece that slowly becomes more powerful,muq_mulan,global,3,avalon,Quest for Avalon,0.20800331,456.8005676269531,481.8005676269531,,,,,,,
a quiet piece that slowly becomes more powerful,muq_mulan,global,4,dark_blue_horizon,Dark Blue Horizon,0.19240296,241.4007110595703,266.40069580078125,,,,,,,
a quiet piece that slowly becomes more powerful,muq_mulan,global,5,raven_lullaby,Raven Lullaby,0.18750913,166.39999389648438,191.39999389648438,,,,,,,
a quiet piece that slowly becomes more powerful,muq_mulan,global,6,cry_of_the_elves,The Cry of the Elves,0.17039463,156.33404541015625,181.33404541015625,,,,,,,
a quiet piece that slowly becomes more powerful,muq_mulan,global,7,ancient_ritual,Ancient Ritual,0.15696645,22.828571319580078,47.82857131958008,,,,,,,
a quiet piece that slowly becomes more powerful,muq_mulan,global,8,dawn_in_istoccar,Dawn in Istoccar,0.13929740,72.0,97.0,,,,,,,
epic music,muq_mulan,segment,1,edge,The Edge of the Unknown,0.31827635,140.4577178955078,165.4577178955078,3,,,,,,
epic music,muq_mulan,segment,2,marching_city_gates,Marching Through City Gates,0.31782657,0.0,25.0,,,,,,,
epic music,muq_mulan,segment,3,avalon,Quest for Avalon,0.29823935,571.000732421875,596.000732421875,,,,,,,
epic music,muq_mulan,segment,4,dawn_in_istoccar,Dawn in Istoccar,0.27358383,0.0,25.0,,,,,,,
epic music,muq_mulan,segment,5,dark_blue_horizon,Dark Blue Horizon,0.26999801,241.4007110595703,266.40069580078125,,,,,,,
epic music,muq_mulan,segment,6,icebreaker_storm,Icebreaker Into the Storm,0.25610018,87.5199966430664,112.5199966430664,,,,,,,
epic music,muq_mulan,segment,7,cry_of_the_elves,The Cry of the Elves,0.24643508,62.53361511230469,87.53361511230469,,,,,,,
epic music,muq_mulan,segment,8,galloping_to_kugrant,Galloping to Kugrant,0.22026187,13.800000190734863,38.79999923706055,,,,,,,
dark fantasy music,muq_mulan,segment,1,cry_of_the_elves,The Cry of the Elves,0.31104088,156.33404541015625,181.33404541015625,3,,,,,,
dark fantasy music,muq_mulan,segment,2,edge,The Edge of the Unknown,0.29955953,70.2288589477539,95.2288589477539,,,,,,,
dark fantasy music,muq_mulan,segment,3,raven_lullaby,Raven Lullaby,0.25641322,0.0,25.0,,,,,,,
dark fantasy music,muq_mulan,segment,4,healing_wind,Healing Wind,0.19712184,37.79999923706055,62.79999923706055,,,,,,,
dark fantasy music,muq_mulan,segment,5,dawn_in_istoccar,Dawn in Istoccar,0.19155470,0.0,25.0,,,,,,,
dark fantasy music,muq_mulan,segment,6,avalon,Quest for Avalon,0.18820435,571.000732421875,596.000732421875,,,,,,,
dark fantasy music,muq_mulan,segment,7,dark_blue_horizon,Dark Blue Horizon,0.17706966,48.28014373779297,73.28014373779297,,,,,,,
dark fantasy music,muq_mulan,segment,8,ancient_ritual,Ancient Ritual,0.17359017,45.657142639160156,70.65714263916016,,,,,,,
peaceful fantasy music,muq_mulan,segment,1,dark_blue_horizon,Dark Blue Horizon,0.42981869,241.4007110595703,266.40069580078125,3,,,,,,
peaceful fantasy music,muq_mulan,segment,2,avalon,Quest for Avalon,0.36976233,114.20014190673828,139.2001495361328,,,,,,,
peaceful fantasy music,muq_mulan,segment,3,cry_of_the_elves,The Cry of the Elves,0.34395897,156.33404541015625,181.33404541015625,,,,,,,
peaceful fantasy music,muq_mulan,segment,4,healing_wind,Healing Wind,0.25089380,0.0,25.0,,,,,,,
peaceful fantasy music,muq_mulan,segment,5,alone_in_the_crowd,Alone In the Crowd,0.24798211,207.66737365722656,232.66737365722656,,,,,,,
peaceful fantasy music,muq_mulan,segment,6,raven_lullaby,Raven Lullaby,0.24551532,0.0,25.0,,,,,,,
peaceful fantasy music,muq_mulan,segment,7,ancient_ritual,Ancient Ritual,0.22196752,0.0,25.0,,,,,,,
peaceful fantasy music,muq_mulan,segment,8,let_the_wolf_out,Let the Wolf Out,0.21855366,0.0,25.0,,,,,,,
emotional orchestral music,muq_mulan,segment,1,dawn_in_istoccar,Dawn in Istoccar,0.22041731,72.0,97.0,3,,,,,,
emotional orchestral music,muq_mulan,segment,2,raven_lullaby,Raven Lullaby,0.18557206,166.39999389648438,191.39999389648438,,,,,,,
emotional orchestral music,muq_mulan,segment,3,icebreaker_storm,Icebreaker Into the Storm,0.15570855,87.5199966430664,112.5199966430664,,,,,,,
emotional orchestral music,muq_mulan,segment,4,let_the_wolf_out,Let the Wolf Out,0.15366878,34.4668083190918,59.4668083190918,,,,,,,
emotional orchestral music,muq_mulan,segment,5,alone_in_the_crowd,Alone In the Crowd,0.15360591,207.66737365722656,232.66737365722656,,,,,,,
emotional orchestral music,muq_mulan,segment,6,dark_blue_horizon,Dark Blue Horizon,0.14603725,241.4007110595703,266.40069580078125,,,,,,,
emotional orchestral music,muq_mulan,segment,7,marching_city_gates,Marching Through City Gates,0.12396540,0.0,25.0,,,,,,,
emotional orchestral music,muq_mulan,segment,8,galloping_to_kugrant,Galloping to Kugrant,0.10795839,55.20000076293945,80.19999694824219,,,,,,,
soft medieval flute,muq_mulan,segment,1,ancient_ritual,Ancient Ritual,0.29055417,0.0,25.0,3,yes,,,,,
soft medieval flute,muq_mulan,segment,2,avalon,Quest for Avalon,0.21359935,228.40028381347656,253.40028381347656,,,,,,,
soft medieval flute,muq_mulan,segment,3,raven_lullaby,Raven Lullaby,0.20873991,166.39999389648438,191.39999389648438,,,,,,,
soft medieval flute,muq_mulan,segment,4,dawn_in_istoccar,Dawn in Istoccar,0.19377685,72.0,97.0,,,,,,,
soft medieval flute,muq_mulan,segment,5,dark_blue_horizon,Dark Blue Horizon,0.19135234,241.4007110595703,266.40069580078125,,,,,,,
soft medieval flute,muq_mulan,segment,6,galloping_to_kugrant,Galloping to Kugrant,0.15793347,69.0,94.0,,,,,,,
soft medieval flute,muq_mulan,segment,7,alone_in_the_crowd,Alone In the Crowd,0.13337180,166.13389587402344,191.13389587402344,,,,,,,
soft medieval flute,muq_mulan,segment,8,let_the_wolf_out,Let the Wolf Out,0.12285168,103.40042877197266,128.40042114257812,,,,,,,
emotional solo violin,muq_mulan,segment,1,raven_lullaby,Raven Lullaby,0.31109291,41.599998474121094,66.5999984741211,3,,,,,,
emotional solo violin,muq_mulan,segment,2,classical_is_so_metal,Classical Is So Metal,0.22916751,0.0,25.0,,,,,,,
emotional solo violin,muq_mulan,segment,3,healing_wind,Healing Wind,0.14320032,0.0,25.0,,,,,,,
emotional solo violin,muq_mulan,segment,4,night_at_the_tavern,A Night at the Tavern,0.11177560,41.51771545410156,66.51771545410156,,,,,,,
emotional solo violin,muq_mulan,segment,5,avalon,Quest for Avalon,0.10956745,228.40028381347656,253.40028381347656,,,,,,,
emotional solo violin,muq_mulan,segment,6,dark_blue_horizon,Dark Blue Horizon,0.07635476,144.84042358398438,169.84042358398438,,,,,,,
emotional solo violin,muq_mulan,segment,7,edge,The Edge of the Unknown,0.05403103,140.4577178955078,165.4577178955078,,,,,,,
emotional solo violin,muq_mulan,segment,8,let_the_wolf_out,Let the Wolf Out,0.05074064,103.40042877197266,128.40042114257812,,,,,,,
music with choir and heavy percussion,muq_mulan,segment,1,cry_of_the_elves,The Cry of the Elves,0.55016422,156.33404541015625,181.33404541015625,2,,,,,,
music with choir and heavy percussion,muq_mulan,segment,2,marching_city_gates,Marching Through City Gates,0.43534416,0.0,25.0,,,,,,,
music with choir and heavy percussion,muq_mulan,segment,3,avalon,Quest for Avalon,0.37539509,456.8005676269531,481.8005676269531,3,,,,,,
music with choir and heavy percussion,muq_mulan,segment,4,healing_wind,Healing Wind,0.37024546,0.0,25.0,,,,,,,
music with choir and heavy percussion,muq_mulan,segment,5,edge,The Edge of the Unknown,0.34616897,35.11442947387695,60.11442947387695,,,,,,,
music with choir and heavy percussion,muq_mulan,segment,6,icebreaker_storm,Icebreaker Into the Storm,0.30781519,52.512001037597656,77.51200103759766,,,,,,,
music with choir and heavy percussion,muq_mulan,segment,7,dawn_in_istoccar,Dawn in Istoccar,0.30265200,0.0,25.0,,,,,,,
music with choir and heavy percussion,muq_mulan,segment,8,dark_blue_horizon,Dark Blue Horizon,0.25409359,48.28014373779297,73.28014373779297,,,,,,,
gentle strings and flute,muq_mulan,segment,1,raven_lullaby,Raven Lullaby,0.38195413,166.39999389648438,191.39999389648438,3,,,,,,
gentle strings and flute,muq_mulan,segment,2,alone_in_the_crowd,Alone In the Crowd,0.29526639,207.66737365722656,232.66737365722656,,,,,,,
gentle strings and flute,muq_mulan,segment,3,dawn_in_istoccar,Dawn in Istoccar,0.29327679,72.0,97.0,,,,,,,
gentle strings and flute,muq_mulan,segment,4,avalon,Quest for Avalon,0.27615887,114.20014190673828,139.2001495361328,,,,,,,
gentle strings and flute,muq_mulan,segment,5,ancient_ritual,Ancient Ritual,0.26166973,0.0,25.0,,,,,,,
gentle strings and flute,muq_mulan,segment,6,icebreaker_storm,Icebreaker Into the Storm,0.23542893,70.01599884033203,95.01599884033203,,,,,,,
gentle strings and flute,muq_mulan,segment,7,let_the_wolf_out,Let the Wolf Out,0.22699833,103.40042877197266,128.40042114257812,,,,,,,
gentle strings and flute,muq_mulan,segment,8,galloping_to_kugrant,Galloping to Kugrant,0.21050826,69.0,94.0,,,,,,,
"soft medieval flute, melancholic and peaceful",muq_mulan,segment,1,ancient_ritual,Ancient Ritual,0.34624684,0.0,25.0,3,,,,,,
"soft medieval flute, melancholic and peaceful",muq_mulan,segment,2,avalon,Quest for Avalon,0.31860968,228.40028381347656,253.40028381347656,,,,,,,
"soft medieval flute, melancholic and peaceful",muq_mulan,segment,3,dark_blue_horizon,Dark Blue Horizon,0.22229421,241.4007110595703,266.40069580078125,,,,,,,
"soft medieval flute, melancholic and peaceful",muq_mulan,segment,4,healing_wind,Healing Wind,0.18089138,0.0,25.0,,,,,,,
"soft medieval flute, melancholic and peaceful",muq_mulan,segment,5,raven_lullaby,Raven Lullaby,0.17542636,166.39999389648438,191.39999389648438,,,,,,,
"soft medieval flute, melancholic and peaceful",muq_mulan,segment,6,let_the_wolf_out,Let the Wolf Out,0.16670972,0.0,25.0,,,,,,,
"soft medieval flute, melancholic and peaceful",muq_mulan,segment,7,cry_of_the_elves,The Cry of the Elves,0.14690933,0.0,25.0,2,,,,,,
"soft medieval flute, melancholic and peaceful",muq_mulan,segment,8,dawn_in_istoccar,Dawn in Istoccar,0.14356799,72.0,97.0,,,,,,,
epic orchestral music with choir but not too aggressive,muq_mulan,segment,1,marching_city_gates,Marching Through City Gates,0.42889941,0.0,25.0,2,,,,,,
epic orchestral music with choir but not too aggressive,muq_mulan,segment,2,edge,The Edge of the Unknown,0.37702674,140.4577178955078,165.4577178955078,,,,,,,
epic orchestral music with choir but not too aggressive,muq_mulan,segment,3,icebreaker_storm,Icebreaker Into the Storm,0.33838916,87.5199966430664,112.5199966430664,,,,,,,
epic orchestral music with choir but not too aggressive,muq_mulan,segment,4,galloping_to_kugrant,Galloping to Kugrant,0.32951790,13.800000190734863,38.79999923706055,,,,,,,
epic orchestral music with choir but not too aggressive,muq_mulan,segment,5,cry_of_the_elves,The Cry of the Elves,0.32734144,125.06723022460938,150.06723022460938,,,,,,,
epic orchestral music with choir but not too aggressive,muq_mulan,segment,6,avalon,Quest for Avalon,0.27174342,571.000732421875,596.000732421875,,,,,,,
epic orchestral music with choir but not too aggressive,muq_mulan,segment,7,let_the_wolf_out,Let the Wolf Out,0.26136324,172.33404541015625,197.33404541015625,,,,,,,
epic orchestral music with choir but not too aggressive,muq_mulan,segment,8,dawn_in_istoccar,Dawn in Istoccar,0.24208453,96.0,121.0,,,,,,,
dark but not aggressive,muq_mulan,segment,1,ancient_ritual,Ancient Ritual,0.15490136,45.657142639160156,70.65714263916016,3,,,,,,
dark but not aggressive,muq_mulan,segment,2,edge,The Edge of the Unknown,0.15400027,70.2288589477539,95.2288589477539,3,,,,,,
dark but not aggressive,muq_mulan,segment,3,avalon,Quest for Avalon,0.11596493,456.8005676269531,481.8005676269531,,,,,,,
dark but not aggressive,muq_mulan,segment,4,icebreaker_storm,Icebreaker Into the Storm,0.05635256,17.503999710083008,42.50400161743164,,,,,,,
dark but not aggressive,muq_mulan,segment,5,cry_of_the_elves,The Cry of the Elves,0.04950770,125.06723022460938,150.06723022460938,,,,,,,
dark but not aggressive,muq_mulan,segment,6,classical_is_so_metal,Classical Is So Metal,0.04505782,42.400001525878906,67.4000015258789,,,,,,,
dark but not aggressive,muq_mulan,segment,7,dawn_in_istoccar,Dawn in Istoccar,0.04169409,0.0,25.0,,,,,,,
dark but not aggressive,muq_mulan,segment,8,night_at_the_tavern,A Night at the Tavern,0.02683297,0.0,25.0,,,,,,,
heroic but reflective,muq_mulan,segment,1,let_the_wolf_out,Let the Wolf Out,0.32625753,34.4668083190918,59.4668083190918,3,,,,,,
heroic but reflective,muq_mulan,segment,2,avalon,Quest for Avalon,0.29009393,456.8005676269531,481.8005676269531,,,,,,,
heroic but reflective,muq_mulan,segment,3,alone_in_the_crowd,Alone In the Crowd,0.28959173,207.66737365722656,232.66737365722656,,,,,,,
heroic but reflective,muq_mulan,segment,4,dark_blue_horizon,Dark Blue Horizon,0.28638372,193.1205596923828,218.1205596923828,,,,,,,
heroic but reflective,muq_mulan,segment,5,cry_of_the_elves,The Cry of the Elves,0.27212763,156.33404541015625,181.33404541015625,,,,,,,
heroic but reflective,muq_mulan,segment,6,raven_lullaby,Raven Lullaby,0.25075799,166.39999389648438,191.39999389648438,,,,,,,
heroic but reflective,muq_mulan,segment,7,dawn_in_istoccar,Dawn in Istoccar,0.24781509,72.0,97.0,,,,,,,
heroic but reflective,muq_mulan,segment,8,galloping_to_kugrant,Galloping to Kugrant,0.24497543,69.0,94.0,,,,,,,
music for exploring ancient ruins,muq_mulan,segment,1,dark_blue_horizon,Dark Blue Horizon,0.48816866,241.4007110595703,266.40069580078125,2,,,,,,
music for exploring ancient ruins,muq_mulan,segment,2,classical_is_so_metal,Classical Is So Metal,0.41988683,21.200000762939453,46.20000076293945,,,,,,,
music for exploring ancient ruins,muq_mulan,segment,3,cry_of_the_elves,The Cry of the Elves,0.41440731,156.33404541015625,181.33404541015625,,,,,,,
music for exploring ancient ruins,muq_mulan,segment,4,avalon,Quest for Avalon,0.40812671,228.40028381347656,253.40028381347656,,,,,,,
music for exploring ancient ruins,muq_mulan,segment,5,ancient_ritual,Ancient Ritual,0.39852667,91.31428527832031,116.31428527832031,,,,,,,
music for exploring ancient ruins,muq_mulan,segment,6,healing_wind,Healing Wind,0.37113899,37.79999923706055,62.79999923706055,,,,,,,
music for exploring ancient ruins,muq_mulan,segment,7,edge,The Edge of the Unknown,0.34861976,140.4577178955078,165.4577178955078,,,,,,,
music for exploring ancient ruins,muq_mulan,segment,8,marching_city_gates,Marching Through City Gates,0.33875757,0.0,25.0,,,,,,,
music for a quiet sunrise,muq_mulan,segment,1,avalon,Quest for Avalon,0.37211388,114.20014190673828,139.2001495361328,3,,,,,,
music for a quiet sunrise,muq_mulan,segment,2,raven_lullaby,Raven Lullaby,0.32987908,0.0,25.0,,,,,,,
music for a quiet sunrise,muq_mulan,segment,3,alone_in_the_crowd,Alone In the Crowd,0.29103738,207.66737365722656,232.66737365722656,,,,,,,
music for a quiet sunrise,muq_mulan,segment,4,cry_of_the_elves,The Cry of the Elves,0.27348262,0.0,25.0,,,,,,,
music for a quiet sunrise,muq_mulan,segment,5,dark_blue_horizon,Dark Blue Horizon,0.26383111,241.4007110595703,266.40069580078125,,,,,,,
music for a quiet sunrise,muq_mulan,segment,6,let_the_wolf_out,Let the Wolf Out,0.24041004,0.0,25.0,3,,,,,,
music for a quiet sunrise,muq_mulan,segment,7,ancient_ritual,Ancient Ritual,0.15978171,91.31428527832031,116.31428527832031,,,,,,,
music for a quiet sunrise,muq_mulan,segment,8,classical_is_so_metal,Classical Is So Metal,0.12942886,42.400001525878906,67.4000015258789,,,,,,,
music for riding across an open landscape,muq_mulan,segment,1,avalon,Quest for Avalon,0.27755207,0.0,25.0,2,,,,,,
music for riding across an open landscape,muq_mulan,segment,2,raven_lullaby,Raven Lullaby,0.25313604,0.0,25.0,,,,,,,
music for riding across an open landscape,muq_mulan,segment,3,classical_is_so_metal,Classical Is So Metal,0.23004058,42.400001525878906,67.4000015258789,,,,,,,
music for riding across an open landscape,muq_mulan,segment,4,let_the_wolf_out,Let the Wolf Out,0.21574132,0.0,25.0,3,,,,,,
music for riding across an open landscape,muq_mulan,segment,5,dark_blue_horizon,Dark Blue Horizon,0.21503991,144.84042358398438,169.84042358398438,,,,,,,
music for riding across an open landscape,muq_mulan,segment,6,alone_in_the_crowd,Alone In the Crowd,0.21313234,207.66737365722656,232.66737365722656,,,,,,,
music for riding across an open landscape,muq_mulan,segment,7,cry_of_the_elves,The Cry of the Elves,0.18372221,156.33404541015625,181.33404541015625,,,,,,,
music for riding across an open landscape,muq_mulan,segment,8,ancient_ritual,Ancient Ritual,0.17652103,91.31428527832031,116.31428527832031,,,,,,,
epic but calm,muq_mulan,segment,1,dark_blue_horizon,Dark Blue Horizon,0.38303715,144.84042358398438,169.84042358398438,3,,,,,,
epic but calm,muq_mulan,segment,2,cry_of_the_elves,The Cry of the Elves,0.37496400,156.33404541015625,181.33404541015625,,,,,,,
epic but calm,muq_mulan,segment,3,raven_lullaby,Raven Lullaby,0.36309806,0.0,25.0,,,,,,,
epic but calm,muq_mulan,segment,4,avalon,Quest for Avalon,0.36058277,342.6004333496094,367.6004333496094,,,,,,,
epic but calm,muq_mulan,segment,5,edge,The Edge of the Unknown,0.31271297,0.0,25.0,,,,,,,
epic but calm,muq_mulan,segment,6,dawn_in_istoccar,Dawn in Istoccar,0.25184864,0.0,25.0,,,,,,,
epic but calm,muq_mulan,segment,7,alone_in_the_crowd,Alone In the Crowd,0.21396421,0.0,25.0,,,,,,,
epic but calm,muq_mulan,segment,8,let_the_wolf_out,Let the Wolf Out,0.19499964,103.40042877197266,128.40042114257812,,,,,,,
heroic without battle,muq_mulan,segment,1,marching_city_gates,Marching Through City Gates,0.37960237,0.0,25.0,3,,,,,,
heroic without battle,muq_mulan,segment,2,avalon,Quest for Avalon,0.37569416,456.8005676269531,481.8005676269531,,,,,,,
heroic without battle,muq_mulan,segment,3,let_the_wolf_out,Let the Wolf Out,0.31358159,172.33404541015625,197.33404541015625,,,,,,,
heroic without battle,muq_mulan,segment,4,edge,The Edge of the Unknown,0.29403132,140.4577178955078,165.4577178955078,,,,,,,
heroic without battle,muq_mulan,segment,5,icebreaker_storm,Icebreaker Into the Storm,0.28965956,87.5199966430664,112.5199966430664,,,,,,,
heroic without battle,muq_mulan,segment,6,galloping_to_kugrant,Galloping to Kugrant,0.28284001,69.0,94.0,,,,,,,
heroic without battle,muq_mulan,segment,7,dark_blue_horizon,Dark Blue Horizon,0.27301520,241.4007110595703,266.40069580078125,,,,,,,
heroic without battle,muq_mulan,segment,8,cry_of_the_elves,The Cry of the Elves,0.26880860,62.53361511230469,87.53361511230469,,,,,,,
fantasy flute without epic orchestra,muq_mulan,segment,1,ancient_ritual,Ancient Ritual,0.35121810,0.0,25.0,3,,,,,,
fantasy flute without epic orchestra,muq_mulan,segment,2,let_the_wolf_out,Let the Wolf Out,0.35071051,172.33404541015625,197.33404541015625,,,,,,,
fantasy flute without epic orchestra,muq_mulan,segment,3,dark_blue_horizon,Dark Blue Horizon,0.34485650,241.4007110595703,266.40069580078125,,,,,,,
fantasy flute without epic orchestra,muq_mulan,segment,4,avalon,Quest for Avalon,0.34394592,228.40028381347656,253.40028381347656,,,,,,,
fantasy flute without epic orchestra,muq_mulan,segment,5,marching_city_gates,Marching Through City Gates,0.33445403,0.0,25.0,1,,,,,,
fantasy flute without epic orchestra,muq_mulan,segment,6,galloping_to_kugrant,Galloping to Kugrant,0.33045393,69.0,94.0,,,,,,,
fantasy flute without epic orchestra,muq_mulan,segment,7,icebreaker_storm,Icebreaker Into the Storm,0.30582947,52.512001037597656,77.51200103759766,,,,,,,
fantasy flute without epic orchestra,muq_mulan,segment,8,dawn_in_istoccar,Dawn in Istoccar,0.28922546,96.0,121.0,,,,,,,
something powerful but still emotional,muq_mulan,segment,1,let_the_wolf_out,Let the Wolf Out,0.28956345,34.4668083190918,59.4668083190918,3,,,,,,
something powerful but still emotional,muq_mulan,segment,2,alone_in_the_crowd,Alone In the Crowd,0.25502127,207.66737365722656,232.66737365722656,,,,,,,
something powerful but still emotional,muq_mulan,segment,3,dark_blue_horizon,Dark Blue Horizon,0.24210060,241.4007110595703,266.40069580078125,,,,,,,
something powerful but still emotional,muq_mulan,segment,4,avalon,Quest for Avalon,0.20657484,456.8005676269531,481.8005676269531,,,,,,,
something powerful but still emotional,muq_mulan,segment,5,raven_lullaby,Raven Lullaby,0.20504037,166.39999389648438,191.39999389648438,,,,,,,
something powerful but still emotional,muq_mulan,segment,6,cry_of_the_elves,The Cry of the Elves,0.17243849,156.33404541015625,181.33404541015625,,,,,,,
something powerful but still emotional,muq_mulan,segment,7,dawn_in_istoccar,Dawn in Istoccar,0.16674703,72.0,97.0,,,,,,,
something powerful but still emotional,muq_mulan,segment,8,icebreaker_storm,Icebreaker Into the Storm,0.16628997,87.5199966430664,112.5199966430664,,,,,,,
a quiet piece that slowly becomes more powerful,muq_mulan,segment,1,alone_in_the_crowd,Alone In the Crowd,0.29466745,207.66737365722656,232.66737365722656,2,,,,,,
a quiet piece that slowly becomes more powerful,muq_mulan,segment,2,raven_lullaby,Raven Lullaby,0.27953899,166.39999389648438,191.39999389648438,,,,,,,
a quiet piece that slowly becomes more powerful,muq_mulan,segment,3,let_the_wolf_out,Let the Wolf Out,0.26234427,34.4668083190918,59.4668083190918,,,,,,,
a quiet piece that slowly becomes more powerful,muq_mulan,segment,4,avalon,Quest for Avalon,0.23920026,456.8005676269531,481.8005676269531,,,,,,,
a quiet piece that slowly becomes more powerful,muq_mulan,segment,5,dawn_in_istoccar,Dawn in Istoccar,0.23078266,72.0,97.0,,,,,,,
a quiet piece that slowly becomes more powerful,muq_mulan,segment,6,dark_blue_horizon,Dark Blue Horizon,0.21447732,241.4007110595703,266.40069580078125,,,,,,,
a quiet piece that slowly becomes more powerful,muq_mulan,segment,7,cry_of_the_elves,The Cry of the Elves,0.20436290,156.33404541015625,181.33404541015625,,,,,,,
a quiet piece that slowly becomes more powerful,muq_mulan,segment,8,galloping_to_kugrant,Galloping to Kugrant,0.19584893,69.0,94.0,,,,,,,
epic music,muq_mulan,hybrid,1,edge,The Edge of the Unknown,0.30531944,140.4577178955078,165.4577178955078,3,,,,,,
epic music,muq_mulan,hybrid,2,marching_city_gates,Marching Through City Gates,0.29148754,0.0,25.0,,,,,,,
epic music,muq_mulan,hybrid,3,dark_blue_horizon,Dark Blue Horizon,0.26583543,241.4007110595703,266.40069580078125,,,,,,,
epic music,muq_mulan,hybrid,4,avalon,Quest for Avalon,0.26547194,571.000732421875,596.000732421875,,,,,,,
epic music,muq_mulan,hybrid,5,dawn_in_istoccar,Dawn in Istoccar,0.26226455,0.0,25.0,,,,,,,
epic music,muq_mulan,hybrid,6,icebreaker_storm,Icebreaker Into the Storm,0.24280768,87.5199966430664,112.5199966430664,,,,,,,
epic music,muq_mulan,hybrid,7,cry_of_the_elves,The Cry of the Elves,0.22095732,62.53361511230469,87.53361511230469,,,,,,,
epic music,muq_mulan,hybrid,8,galloping_to_kugrant,Galloping to Kugrant,0.20965452,13.800000190734863,38.79999923706055,,,,,,,
dark fantasy music,muq_mulan,hybrid,1,cry_of_the_elves,The Cry of the Elves,0.27689774,156.33404541015625,181.33404541015625,3,,,,,,
dark fantasy music,muq_mulan,hybrid,2,edge,The Edge of the Unknown,0.25590901,70.2288589477539,95.2288589477539,,,,,,,
dark fantasy music,muq_mulan,hybrid,3,raven_lullaby,Raven Lullaby,0.18314921,0.0,25.0,,,,,,,
dark fantasy music,muq_mulan,hybrid,4,dawn_in_istoccar,Dawn in Istoccar,0.15940036,0.0,25.0,,,,,,,
dark fantasy music,muq_mulan,hybrid,5,healing_wind,Healing Wind,0.15646901,37.79999923706055,62.79999923706055,,,,,,,
dark fantasy music,muq_mulan,hybrid,6,dark_blue_horizon,Dark Blue Horizon,0.15545459,48.28014373779297,73.28014373779297,,,,,,,
dark fantasy music,muq_mulan,hybrid,7,avalon,Quest for Avalon,0.15055011,571.000732421875,596.000732421875,,,,,,,
dark fantasy music,muq_mulan,hybrid,8,icebreaker_storm,Icebreaker Into the Storm,0.14595900,17.503999710083008,42.50400161743164,,,,,,,
peaceful fantasy music,muq_mulan,hybrid,1,dark_blue_horizon,Dark Blue Horizon,0.39323759,241.4007110595703,266.40069580078125,3,,,,,,
peaceful fantasy music,muq_mulan,hybrid,2,avalon,Quest for Avalon,0.34431295,114.20014190673828,139.2001495361328,,,,,,,
peaceful fantasy music,muq_mulan,hybrid,3,cry_of_the_elves,The Cry of the Elves,0.30945650,156.33404541015625,181.33404541015625,,,,,,,
peaceful fantasy music,muq_mulan,hybrid,4,healing_wind,Healing Wind,0.23720188,0.0,25.0,,,,,,,
peaceful fantasy music,muq_mulan,hybrid,5,alone_in_the_crowd,Alone In the Crowd,0.22857264,207.66737365722656,232.66737365722656,,,,,,,
peaceful fantasy music,muq_mulan,hybrid,6,raven_lullaby,Raven Lullaby,0.21470979,0.0,25.0,,,,,,,
peaceful fantasy music,muq_mulan,hybrid,7,let_the_wolf_out,Let the Wolf Out,0.19765709,0.0,25.0,,,,,,,
peaceful fantasy music,muq_mulan,hybrid,8,classical_is_so_metal,Classical Is So Metal,0.19301274,21.200000762939453,46.20000076293945,,,,,,,
emotional orchestral music,muq_mulan,hybrid,1,dawn_in_istoccar,Dawn in Istoccar,0.19303478,72.0,97.0,3,,,,,,
emotional orchestral music,muq_mulan,hybrid,2,raven_lullaby,Raven Lullaby,0.15378956,166.39999389648438,191.39999389648438,,,,,,,
emotional orchestral music,muq_mulan,hybrid,3,let_the_wolf_out,Let the Wolf Out,0.13417009,34.4668083190918,59.4668083190918,,,,,,,
emotional orchestral music,muq_mulan,hybrid,4,icebreaker_storm,Icebreaker Into the Storm,0.12989619,87.5199966430664,112.5199966430664,,,,,,,
emotional orchestral music,muq_mulan,hybrid,5,alone_in_the_crowd,Alone In the Crowd,0.12971614,207.66737365722656,232.66737365722656,,,,,,,
emotional orchestral music,muq_mulan,hybrid,6,dark_blue_horizon,Dark Blue Horizon,0.12503801,241.4007110595703,266.40069580078125,,,,,,,
emotional orchestral music,muq_mulan,hybrid,7,marching_city_gates,Marching Through City Gates,0.10771734,0.0,25.0,,,,,,,
emotional orchestral music,muq_mulan,hybrid,8,galloping_to_kugrant,Galloping to Kugrant,0.08359424,55.20000076293945,80.19999694824219,,,,,,,
soft medieval flute,muq_mulan,hybrid,1,ancient_ritual,Ancient Ritual,0.18861493,0.0,25.0,3,yes,,,,,
soft medieval flute,muq_mulan,hybrid,2,raven_lullaby,Raven Lullaby,0.17699778,166.39999389648438,191.39999389648438,,,,,,,
soft medieval flute,muq_mulan,hybrid,3,avalon,Quest for Avalon,0.15400348,228.40028381347656,253.40028381347656,,,,,,,
soft medieval flute,muq_mulan,hybrid,4,dark_blue_horizon,Dark Blue Horizon,0.13308093,241.4007110595703,266.40069580078125,,,,,,,
soft medieval flute,muq_mulan,hybrid,5,dawn_in_istoccar,Dawn in Istoccar,0.12879685,72.0,97.0,,,,,,,
soft medieval flute,muq_mulan,hybrid,6,galloping_to_kugrant,Galloping to Kugrant,0.11441768,69.0,94.0,,,,,,,
soft medieval flute,muq_mulan,hybrid,7,let_the_wolf_out,Let the Wolf Out,0.11363633,103.40042877197266,128.40042114257812,,,,,,,
soft medieval flute,muq_mulan,hybrid,8,alone_in_the_crowd,Alone In the Crowd,0.11282963,166.13389587402344,191.13389587402344,,,,,,,
emotional solo violin,muq_mulan,hybrid,1,raven_lullaby,Raven Lullaby,0.27023260,41.599998474121094,66.5999984741211,3,,,,,,
emotional solo violin,muq_mulan,hybrid,2,classical_is_so_metal,Classical Is So Metal,0.15523364,0.0,25.0,,,,,,,
emotional solo violin,muq_mulan,hybrid,3,healing_wind,Healing Wind,0.11394166,0.0,25.0,,,,,,,
emotional solo violin,muq_mulan,hybrid,4,night_at_the_tavern,A Night at the Tavern,0.05975325,41.51771545410156,66.51771545410156,,,,,,,
emotional solo violin,muq_mulan,hybrid,5,dark_blue_horizon,Dark Blue Horizon,0.02344494,144.84042358398438,169.84042358398438,,,,,,,
emotional solo violin,muq_mulan,hybrid,6,avalon,Quest for Avalon,0.02235877,228.40028381347656,253.40028381347656,,,,,,,
emotional solo violin,muq_mulan,hybrid,7,dawn_in_istoccar,Dawn in Istoccar,0.00475076,72.0,97.0,,,,,,,
emotional solo violin,muq_mulan,hybrid,8,edge,The Edge of the Unknown,0.00282916,140.4577178955078,165.4577178955078,,,,,,,
music with choir and heavy percussion,muq_mulan,hybrid,1,cry_of_the_elves,The Cry of the Elves,0.49233907,156.33404541015625,181.33404541015625,2,,,,,,
music with choir and heavy percussion,muq_mulan,hybrid,2,marching_city_gates,Marching Through City Gates,0.39517705,0.0,25.0,,,,,,,
music with choir and heavy percussion,muq_mulan,hybrid,3,healing_wind,Healing Wind,0.35566470,0.0,25.0,,,,,,,
music with choir and heavy percussion,muq_mulan,hybrid,4,edge,The Edge of the Unknown,0.32393141,35.11442947387695,60.11442947387695,,,,,,,
music with choir and heavy percussion,muq_mulan,hybrid,5,avalon,Quest for Avalon,0.31223398,456.8005676269531,481.8005676269531,3,,,,,,
music with choir and heavy percussion,muq_mulan,hybrid,6,icebreaker_storm,Icebreaker Into the Storm,0.28137642,52.512001037597656,77.51200103759766,,,,,,,
music with choir and heavy percussion,muq_mulan,hybrid,7,dawn_in_istoccar,Dawn in Istoccar,0.26422534,0.0,25.0,,,,,,,
music with choir and heavy percussion,muq_mulan,hybrid,8,dark_blue_horizon,Dark Blue Horizon,0.23738861,48.28014373779297,73.28014373779297,,,,,,,
gentle strings and flute,muq_mulan,hybrid,1,raven_lullaby,Raven Lullaby,0.34576805,166.39999389648438,191.39999389648438,3,,,,,,
gentle strings and flute,muq_mulan,hybrid,2,alone_in_the_crowd,Alone In the Crowd,0.26752727,207.66737365722656,232.66737365722656,,,,,,,
gentle strings and flute,muq_mulan,hybrid,3,dawn_in_istoccar,Dawn in Istoccar,0.21692718,72.0,97.0,,,,,,,
gentle strings and flute,muq_mulan,hybrid,4,let_the_wolf_out,Let the Wolf Out,0.20825692,103.40042877197266,128.40042114257812,,,,,,,
gentle strings and flute,muq_mulan,hybrid,5,icebreaker_storm,Icebreaker Into the Storm,0.19811900,70.01599884033203,95.01599884033203,,,,,,,
gentle strings and flute,muq_mulan,hybrid,6,avalon,Quest for Avalon,0.19340556,114.20014190673828,139.2001495361328,,,,,,,
gentle strings and flute,muq_mulan,hybrid,7,galloping_to_kugrant,Galloping to Kugrant,0.17911243,69.0,94.0,,,,,,,
gentle strings and flute,muq_mulan,hybrid,8,ancient_ritual,Ancient Ritual,0.17430879,0.0,25.0,,,,,,,
"soft medieval flute, melancholic and peaceful",muq_mulan,hybrid,1,ancient_ritual,Ancient Ritual,0.23296831,0.0,25.0,3,,,,,,
"soft medieval flute, melancholic and peaceful",muq_mulan,hybrid,2,avalon,Quest for Avalon,0.23291500,228.40028381347656,253.40028381347656,,,,,,,
"soft medieval flute, melancholic and peaceful",muq_mulan,hybrid,3,dark_blue_horizon,Dark Blue Horizon,0.16115969,241.4007110595703,266.40069580078125,,,,,,,
"soft medieval flute, melancholic and peaceful",muq_mulan,hybrid,4,healing_wind,Healing Wind,0.15059971,0.0,25.0,,,,,,,
"soft medieval flute, melancholic and peaceful",muq_mulan,hybrid,5,raven_lullaby,Raven Lullaby,0.14689805,166.39999389648438,191.39999389648438,,,,,,,
"soft medieval flute, melancholic and peaceful",muq_mulan,hybrid,6,cry_of_the_elves,The Cry of the Elves,0.12080688,0.0,25.0,2,,,,,,
"soft medieval flute, melancholic and peaceful",muq_mulan,hybrid,7,let_the_wolf_out,Let the Wolf Out,0.11203203,0.0,25.0,,,,,,,
"soft medieval flute, melancholic and peaceful",muq_mulan,hybrid,8,alone_in_the_crowd,Alone In the Crowd,0.09824263,207.66737365722656,232.66737365722656,,,,,,,
epic orchestral music with choir but not too aggressive,muq_mulan,hybrid,1,marching_city_gates,Marching Through City Gates,0.39700758,0.0,25.0,2,,,,,,
epic orchestral music with choir but not too aggressive,muq_mulan,hybrid,2,edge,The Edge of the Unknown,0.33848162,140.4577178955078,165.4577178955078,,,,,,,
epic orchestral music with choir but not too aggressive,muq_mulan,hybrid,3,icebreaker_storm,Icebreaker Into the Storm,0.31649968,87.5199966430664,112.5199966430664,,,,,,,
epic orchestral music with choir but not too aggressive,muq_mulan,hybrid,4,galloping_to_kugrant,Galloping to Kugrant,0.29646130,13.800000190734863,38.79999923706055,,,,,,,
epic orchestral music with choir but not too aggressive,muq_mulan,hybrid,5,cry_of_the_elves,The Cry of the Elves,0.28774202,125.06723022460938,150.06723022460938,,,,,,,
epic orchestral music with choir but not too aggressive,muq_mulan,hybrid,6,dawn_in_istoccar,Dawn in Istoccar,0.23119667,96.0,121.0,,,,,,,
epic orchestral music with choir but not too aggressive,muq_mulan,hybrid,7,avalon,Quest for Avalon,0.21057948,571.000732421875,596.000732421875,,,,,,,
epic orchestral music with choir but not too aggressive,muq_mulan,hybrid,8,let_the_wolf_out,Let the Wolf Out,0.20799105,172.33404541015625,197.33404541015625,,,,,,,
dark but not aggressive,muq_mulan,hybrid,1,edge,The Edge of the Unknown,0.10738901,70.2288589477539,95.2288589477539,3,,,,,,
dark but not aggressive,muq_mulan,hybrid,2,ancient_ritual,Ancient Ritual,0.10492088,45.657142639160156,70.65714263916016,3,,,,,,
dark but not aggressive,muq_mulan,hybrid,3,avalon,Quest for Avalon,0.04234894,456.8005676269531,481.8005676269531,,,,,,,
dark but not aggressive,muq_mulan,hybrid,4,icebreaker_storm,Icebreaker Into the Storm,0.02938341,17.503999710083008,42.50400161743164,,,,,,,
dark but not aggressive,muq_mulan,hybrid,5,cry_of_the_elves,The Cry of the Elves,0.02548551,125.06723022460938,150.06723022460938,,,,,,,
dark but not aggressive,muq_mulan,hybrid,6,marching_city_gates,Marching Through City Gates,0.00602125,0.0,25.0,,,,,,,
dark but not aggressive,muq_mulan,hybrid,7,classical_is_so_metal,Classical Is So Metal,0.00445565,42.400001525878906,67.4000015258789,,,,,,,
dark but not aggressive,muq_mulan,hybrid,8,galloping_to_kugrant,Galloping to Kugrant,-0.00900518,0.0,25.0,,,,,,,
heroic but reflective,muq_mulan,hybrid,1,let_the_wolf_out,Let the Wolf Out,0.30594783,34.4668083190918,59.4668083190918,3,,,,,,
heroic but reflective,muq_mulan,hybrid,2,dark_blue_horizon,Dark Blue Horizon,0.27813093,193.1205596923828,218.1205596923828,,,,,,,
heroic but reflective,muq_mulan,hybrid,3,avalon,Quest for Avalon,0.27264662,456.8005676269531,481.8005676269531,,,,,,,
heroic but reflective,muq_mulan,hybrid,4,alone_in_the_crowd,Alone In the Crowd,0.25867060,207.66737365722656,232.66737365722656,,,,,,,
heroic but reflective,muq_mulan,hybrid,5,cry_of_the_elves,The Cry of the Elves,0.25067891,156.33404541015625,181.33404541015625,,,,,,,
heroic but reflective,muq_mulan,hybrid,6,dawn_in_istoccar,Dawn in Istoccar,0.21365777,72.0,97.0,,,,,,,
heroic but reflective,muq_mulan,hybrid,7,raven_lullaby,Raven Lullaby,0.20848853,166.39999389648438,191.39999389648438,,,,,,,
heroic but reflective,muq_mulan,hybrid,8,galloping_to_kugrant,Galloping to Kugrant,0.20446438,69.0,94.0,,,,,,,
music for exploring ancient ruins,muq_mulan,hybrid,1,dark_blue_horizon,Dark Blue Horizon,0.44730301,241.4007110595703,266.40069580078125,2,,,,,,
music for exploring ancient ruins,muq_mulan,hybrid,2,avalon,Quest for Avalon,0.40800735,228.40028381347656,253.40028381347656,,,,,,,
music for exploring ancient ruins,muq_mulan,hybrid,3,classical_is_so_metal,Classical Is So Metal,0.39143139,21.200000762939453,46.20000076293945,,,,,,,
music for exploring ancient ruins,muq_mulan,hybrid,4,ancient_ritual,Ancient Ritual,0.37899022,91.31428527832031,116.31428527832031,,,,,,,
music for exploring ancient ruins,muq_mulan,hybrid,5,cry_of_the_elves,The Cry of the Elves,0.37544703,156.33404541015625,181.33404541015625,,,,,,,
music for exploring ancient ruins,muq_mulan,hybrid,6,healing_wind,Healing Wind,0.35925248,37.79999923706055,62.79999923706055,,,,,,,
music for exploring ancient ruins,muq_mulan,hybrid,7,edge,The Edge of the Unknown,0.35001913,140.4577178955078,165.4577178955078,,,,,,,
music for exploring ancient ruins,muq_mulan,hybrid,8,marching_city_gates,Marching Through City Gates,0.30215052,0.0,25.0,,,,,,,
music for a quiet sunrise,muq_mulan,hybrid,1,avalon,Quest for Avalon,0.31278302,114.20014190673828,139.2001495361328,3,,,,,,
music for a quiet sunrise,muq_mulan,hybrid,2,dark_blue_horizon,Dark Blue Horizon,0.25101440,241.4007110595703,266.40069580078125,,,,,,,
music for a quiet sunrise,muq_mulan,hybrid,3,raven_lullaby,Raven Lullaby,0.24908420,0.0,25.0,,,,,,,
music for a quiet sunrise,muq_mulan,hybrid,4,alone_in_the_crowd,Alone In the Crowd,0.24654824,207.66737365722656,232.66737365722656,,,,,,,
music for a quiet sunrise,muq_mulan,hybrid,5,cry_of_the_elves,The Cry of the Elves,0.21910699,0.0,25.0,,,,,,,
music for a quiet sunrise,muq_mulan,hybrid,6,let_the_wolf_out,Let the Wolf Out,0.16800658,0.0,25.0,3,,,,,,
music for a quiet sunrise,muq_mulan,hybrid,7,ancient_ritual,Ancient Ritual,0.13836581,91.31428527832031,116.31428527832031,,,,,,,
music for a quiet sunrise,muq_mulan,hybrid,8,classical_is_so_metal,Classical Is So Metal,0.11507911,42.400001525878906,67.4000015258789,,,,,,,
music for riding across an open landscape,muq_mulan,hybrid,1,avalon,Quest for Avalon,0.25733864,0.0,25.0,2,,,,,,
music for riding across an open landscape,muq_mulan,hybrid,2,dark_blue_horizon,Dark Blue Horizon,0.20948751,144.84042358398438,169.84042358398438,,,,,,,
music for riding across an open landscape,muq_mulan,hybrid,3,classical_is_so_metal,Classical Is So Metal,0.20934433,42.400001525878906,67.4000015258789,,,,,,,
music for riding across an open landscape,muq_mulan,hybrid,4,alone_in_the_crowd,Alone In the Crowd,0.18816929,207.66737365722656,232.66737365722656,,,,,,,
music for riding across an open landscape,muq_mulan,hybrid,5,raven_lullaby,Raven Lullaby,0.18270319,0.0,25.0,,,,,,,
music for riding across an open landscape,muq_mulan,hybrid,6,cry_of_the_elves,The Cry of the Elves,0.17587399,156.33404541015625,181.33404541015625,,,,,,,
music for riding across an open landscape,muq_mulan,hybrid,7,healing_wind,Healing Wind,0.16362627,37.79999923706055,62.79999923706055,,,,,,,
music for riding across an open landscape,muq_mulan,hybrid,8,let_the_wolf_out,Let the Wolf Out,0.15877950,0.0,25.0,3,,,,,,
epic but calm,muq_mulan,hybrid,1,dark_blue_horizon,Dark Blue Horizon,0.36531484,144.84042358398438,169.84042358398438,3,,,,,,
epic but calm,muq_mulan,hybrid,2,avalon,Quest for Avalon,0.35163468,342.6004333496094,367.6004333496094,,,,,,,
epic but calm,muq_mulan,hybrid,3,cry_of_the_elves,The Cry of the Elves,0.34940749,156.33404541015625,181.33404541015625,,,,,,,
epic but calm,muq_mulan,hybrid,4,raven_lullaby,Raven Lullaby,0.29169654,0.0,25.0,,,,,,,
epic but calm,muq_mulan,hybrid,5,edge,The Edge of the Unknown,0.24980095,0.0,25.0,,,,,,,
epic but calm,muq_mulan,hybrid,6,dawn_in_istoccar,Dawn in Istoccar,0.22682177,0.0,25.0,,,,,,,
epic but calm,muq_mulan,hybrid,7,alone_in_the_crowd,Alone In the Crowd,0.20034166,0.0,25.0,,,,,,,
epic but calm,muq_mulan,hybrid,8,let_the_wolf_out,Let the Wolf Out,0.18078680,103.40042877197266,128.40042114257812,,,,,,,
heroic without battle,muq_mulan,hybrid,1,marching_city_gates,Marching Through City Gates,0.35019597,0.0,25.0,3,,,,,,
heroic without battle,muq_mulan,hybrid,2,avalon,Quest for Avalon,0.30170722,456.8005676269531,481.8005676269531,,,,,,,
heroic without battle,muq_mulan,hybrid,3,edge,The Edge of the Unknown,0.29462309,140.4577178955078,165.4577178955078,,,,,,,
heroic without battle,muq_mulan,hybrid,4,let_the_wolf_out,Let the Wolf Out,0.27230383,172.33404541015625,197.33404541015625,,,,,,,
heroic without battle,muq_mulan,hybrid,5,icebreaker_storm,Icebreaker Into the Storm,0.26879922,87.5199966430664,112.5199966430664,,,,,,,
heroic without battle,muq_mulan,hybrid,6,galloping_to_kugrant,Galloping to Kugrant,0.25290175,69.0,94.0,,,,,,,
heroic without battle,muq_mulan,hybrid,7,dark_blue_horizon,Dark Blue Horizon,0.25036034,241.4007110595703,266.40069580078125,,,,,,,
heroic without battle,muq_mulan,hybrid,8,cry_of_the_elves,The Cry of the Elves,0.24308345,62.53361511230469,87.53361511230469,,,,,,,
fantasy flute without epic orchestra,muq_mulan,hybrid,1,marching_city_gates,Marching Through City Gates,0.31149110,0.0,25.0,1,,,,,,
fantasy flute without epic orchestra,muq_mulan,hybrid,2,let_the_wolf_out,Let the Wolf Out,0.29778317,172.33404541015625,197.33404541015625,,,,,,,
fantasy flute without epic orchestra,muq_mulan,hybrid,3,icebreaker_storm,Icebreaker Into the Storm,0.29291719,52.512001037597656,77.51200103759766,,,,,,,
fantasy flute without epic orchestra,muq_mulan,hybrid,4,galloping_to_kugrant,Galloping to Kugrant,0.28559536,69.0,94.0,,,,,,,
fantasy flute without epic orchestra,muq_mulan,hybrid,5,dark_blue_horizon,Dark Blue Horizon,0.28369556,241.4007110595703,266.40069580078125,,,,,,,
fantasy flute without epic orchestra,muq_mulan,hybrid,6,avalon,Quest for Avalon,0.27509554,228.40028381347656,253.40028381347656,,,,,,,
fantasy flute without epic orchestra,muq_mulan,hybrid,7,dawn_in_istoccar,Dawn in Istoccar,0.26459131,96.0,121.0,,,,,,,
fantasy flute without epic orchestra,muq_mulan,hybrid,8,ancient_ritual,Ancient Ritual,0.25525225,0.0,25.0,3,,,,,,
something powerful but still emotional,muq_mulan,hybrid,1,let_the_wolf_out,Let the Wolf Out,0.25349247,34.4668083190918,59.4668083190918,3,,,,,,
something powerful but still emotional,muq_mulan,hybrid,2,alone_in_the_crowd,Alone In the Crowd,0.22569171,207.66737365722656,232.66737365722656,,,,,,,
something powerful but still emotional,muq_mulan,hybrid,3,dark_blue_horizon,Dark Blue Horizon,0.22436781,241.4007110595703,266.40069580078125,,,,,,,
something powerful but still emotional,muq_mulan,hybrid,4,avalon,Quest for Avalon,0.19155156,456.8005676269531,481.8005676269531,,,,,,,
something powerful but still emotional,muq_mulan,hybrid,5,raven_lullaby,Raven Lullaby,0.16885681,166.39999389648438,191.39999389648438,,,,,,,
something powerful but still emotional,muq_mulan,hybrid,6,cry_of_the_elves,The Cry of the Elves,0.16243280,156.33404541015625,181.33404541015625,,,,,,,
something powerful but still emotional,muq_mulan,hybrid,7,icebreaker_storm,Icebreaker Into the Storm,0.14760614,87.5199966430664,112.5199966430664,,,,,,,
something powerful but still emotional,muq_mulan,hybrid,8,dawn_in_istoccar,Dawn in Istoccar,0.13205094,72.0,97.0,,,,,,,
a quiet piece that slowly becomes more powerful,muq_mulan,hybrid,1,alone_in_the_crowd,Alone In the Crowd,0.25808147,207.66737365722656,232.66737365722656,2,,,,,,
a quiet piece that slowly becomes more powerful,muq_mulan,hybrid,2,let_the_wolf_out,Let the Wolf Out,0.24299358,34.4668083190918,59.4668083190918,,,,,,,
a quiet piece that slowly becomes more powerful,muq_mulan,hybrid,3,raven_lullaby,Raven Lullaby,0.23352406,166.39999389648438,191.39999389648438,,,,,,,
a quiet piece that slowly becomes more powerful,muq_mulan,hybrid,4,avalon,Quest for Avalon,0.22360179,456.8005676269531,481.8005676269531,,,,,,,
a quiet piece that slowly becomes more powerful,muq_mulan,hybrid,5,dark_blue_horizon,Dark Blue Horizon,0.20344014,241.4007110595703,266.40069580078125,,,,,,,
a quiet piece that slowly becomes more powerful,muq_mulan,hybrid,6,cry_of_the_elves,The Cry of the Elves,0.18737876,156.33404541015625,181.33404541015625,,,,,,,
a quiet piece that slowly becomes more powerful,muq_mulan,hybrid,7,dawn_in_istoccar,Dawn in Istoccar,0.18504003,72.0,97.0,,,,,,,
a quiet piece that slowly becomes more powerful,muq_mulan,hybrid,8,ancient_ritual,Ancient Ritual,0.17616458,22.828571319580078,47.82857131958008,,,,,,,
epic music,laion_clap,global,1,dark_blue_horizon,Dark Blue Horizon,0.55997038,241.4007110595703,266.40069580078125,,,,,,,
epic music,laion_clap,global,2,edge,The Edge of the Unknown,0.55714583,70.2288589477539,95.2288589477539,,,,,,,
epic music,laion_clap,global,3,dawn_in_istoccar,Dawn in Istoccar,0.54548669,96.0,121.0,,,,,,,
epic music,laion_clap,global,4,alone_in_the_crowd,Alone In the Crowd,0.49761695,166.13389587402344,191.13389587402344,,,,,,,
epic music,laion_clap,global,5,icebreaker_storm,Icebreaker Into the Storm,0.48942333,0.0,25.0,,,,,,,
epic music,laion_clap,global,6,let_the_wolf_out,Let the Wolf Out,0.48107409,137.8672332763672,162.8672332763672,,,,,,,
epic music,laion_clap,global,7,classical_is_so_metal,Classical Is So Metal,0.47969347,84.80000305175781,109.80000305175781,,,,,,,
epic music,laion_clap,global,8,marching_city_gates,Marching Through City Gates,0.43645310,48.79999923706055,73.80000305175781,,,,,,,
dark fantasy music,laion_clap,global,1,dark_blue_horizon,Dark Blue Horizon,0.62422252,144.84042358398438,169.84042358398438,,,,,,,
dark fantasy music,laion_clap,global,2,edge,The Edge of the Unknown,0.60888755,70.2288589477539,95.2288589477539,,,,,,,
dark fantasy music,laion_clap,global,3,dawn_in_istoccar,Dawn in Istoccar,0.56596959,120.0,145.0,,,,,,,
dark fantasy music,laion_clap,global,4,alone_in_the_crowd,Alone In the Crowd,0.55015278,83.06694793701172,108.06694793701172,,,,,,,
dark fantasy music,laion_clap,global,5,let_the_wolf_out,Let the Wolf Out,0.54079902,137.8672332763672,162.8672332763672,,,,,,,
dark fantasy music,laion_clap,global,6,icebreaker_storm,Icebreaker Into the Storm,0.50585777,0.0,25.0,,,,,,,
dark fantasy music,laion_clap,global,7,classical_is_so_metal,Classical Is So Metal,0.49114764,84.80000305175781,109.80000305175781,,,,,,,
dark fantasy music,laion_clap,global,8,galloping_to_kugrant,Galloping to Kugrant,0.47705281,27.600000381469727,52.599998474121094,,,,,,,
peaceful fantasy music,laion_clap,global,1,dark_blue_horizon,Dark Blue Horizon,0.59849572,241.4007110595703,266.40069580078125,3,,,,,,
peaceful fantasy music,laion_clap,global,2,edge,The Edge of the Unknown,0.55324900,70.2288589477539,95.2288589477539,,,,,,,
peaceful fantasy music,laion_clap,global,3,alone_in_the_crowd,Alone In the Crowd,0.54579306,83.06694793701172,108.06694793701172,,,,,,,
peaceful fantasy music,laion_clap,global,4,let_the_wolf_out,Let the Wolf Out,0.54143512,34.4668083190918,59.4668083190918,,,,,,,
peaceful fantasy music,laion_clap,global,5,dawn_in_istoccar,Dawn in Istoccar,0.53640521,96.0,121.0,,,,,,,
peaceful fantasy music,laion_clap,global,6,classical_is_so_metal,Classical Is So Metal,0.49964052,84.80000305175781,109.80000305175781,,,,,,,
peaceful fantasy music,laion_clap,global,7,avalon,Quest for Avalon,0.49707830,228.40028381347656,253.40028381347656,,,,,,,
peaceful fantasy music,laion_clap,global,8,icebreaker_storm,Icebreaker Into the Storm,0.48255101,0.0,25.0,,,,,,,
emotional orchestral music,laion_clap,global,1,dark_blue_horizon,Dark Blue Horizon,0.57193345,241.4007110595703,266.40069580078125,,,,,,,
emotional orchestral music,laion_clap,global,2,raven_lullaby,Raven Lullaby,0.55977517,83.19999694824219,108.19999694824219,,,,,,,
emotional orchestral music,laion_clap,global,3,dawn_in_istoccar,Dawn in Istoccar,0.53760374,96.0,121.0,,,,,,,
emotional orchestral music,laion_clap,global,4,edge,The Edge of the Unknown,0.53353345,70.2288589477539,95.2288589477539,,,,,,,
emotional orchestral music,laion_clap,global,5,let_the_wolf_out,Let the Wolf Out,0.52323866,137.8672332763672,162.8672332763672,,,,,,,
emotional orchestral music,laion_clap,global,6,icebreaker_storm,Icebreaker Into the Storm,0.52178544,0.0,25.0,,,,,,,
emotional orchestral music,laion_clap,global,7,avalon,Quest for Avalon,0.49863705,114.20014190673828,139.2001495361328,,,,,,,
emotional orchestral music,laion_clap,global,8,alone_in_the_crowd,Alone In the Crowd,0.49689078,124.60042572021484,149.6004180908203,,,,,,,
soft medieval flute,laion_clap,global,1,cry_of_the_elves,The Cry of the Elves,0.39482450,0.0,25.0,2,no,,,,,
soft medieval flute,laion_clap,global,2,galloping_to_kugrant,Galloping to Kugrant,0.35401511,55.20000076293945,80.19999694824219,,,,,,,
soft medieval flute,laion_clap,global,3,raven_lullaby,Raven Lullaby,0.34612238,83.19999694824219,108.19999694824219,,,,,,,
soft medieval flute,laion_clap,global,4,avalon,Quest for Avalon,0.32313752,114.20014190673828,139.2001495361328,,,,,,,
soft medieval flute,laion_clap,global,5,alone_in_the_crowd,Alone In the Crowd,0.31367308,83.06694793701172,108.06694793701172,,,,,,,
soft medieval flute,laion_clap,global,6,icebreaker_storm,Icebreaker Into the Storm,0.31282061,70.01599884033203,95.01599884033203,,,,,,,
soft medieval flute,laion_clap,global,7,night_at_the_tavern,A Night at the Tavern,0.31008282,20.75885772705078,45.75885772705078,,,,,,,
soft medieval flute,laion_clap,global,8,healing_wind,Healing Wind,0.29912093,0.0,25.0,,,,,,,
emotional solo violin,laion_clap,global,1,raven_lullaby,Raven Lullaby,0.55963385,83.19999694824219,108.19999694824219,3,,,,,,
emotional solo violin,laion_clap,global,2,galloping_to_kugrant,Galloping to Kugrant,0.43554744,0.0,25.0,,,,,,,
emotional solo violin,laion_clap,global,3,dark_blue_horizon,Dark Blue Horizon,0.43468401,48.28014373779297,73.28014373779297,,,,,,,
emotional solo violin,laion_clap,global,4,icebreaker_storm,Icebreaker Into the Storm,0.41164666,70.01599884033203,95.01599884033203,,,,,,,
emotional solo violin,laion_clap,global,5,edge,The Edge of the Unknown,0.39626861,70.2288589477539,95.2288589477539,,,,,,,
emotional solo violin,laion_clap,global,6,marching_city_gates,Marching Through City Gates,0.38212094,24.399999618530273,49.400001525878906,,,,,,,
emotional solo violin,laion_clap,global,7,dawn_in_istoccar,Dawn in Istoccar,0.37512904,48.0,73.0,,,,,,,
emotional solo violin,laion_clap,global,8,let_the_wolf_out,Let the Wolf Out,0.36702627,103.40042877197266,128.40042114257812,,,,,,,
music with choir and heavy percussion,laion_clap,global,1,marching_city_gates,Marching Through City Gates,0.65366101,0.0,25.0,,,,,,,
music with choir and heavy percussion,laion_clap,global,2,avalon,Quest for Avalon,0.63795948,342.6004333496094,367.6004333496094,,,,,,,
music with choir and heavy percussion,laion_clap,global,3,edge,The Edge of the Unknown,0.59450090,175.5721435546875,200.5721435546875,,,,,,,
music with choir and heavy percussion,laion_clap,global,4,icebreaker_storm,Icebreaker Into the Storm,0.56313586,17.503999710083008,42.50400161743164,,,,,,,
music with choir and heavy percussion,laion_clap,global,5,healing_wind,Healing Wind,0.55535293,18.899999618530273,43.900001525878906,,,,,,,
music with choir and heavy percussion,laion_clap,global,6,dawn_in_istoccar,Dawn in Istoccar,0.53586906,0.0,25.0,,,,,,,
music with choir and heavy percussion,laion_clap,global,7,dark_blue_horizon,Dark Blue Horizon,0.51467365,241.4007110595703,266.40069580078125,,,,,,,
music with choir and heavy percussion,laion_clap,global,8,night_at_the_tavern,A Night at the Tavern,0.48733139,51.89714431762695,76.89714050292969,,,,,,,
gentle strings and flute,laion_clap,global,1,raven_lullaby,Raven Lullaby,0.50771034,83.19999694824219,108.19999694824219,,,,,,,
gentle strings and flute,laion_clap,global,2,avalon,Quest for Avalon,0.43756172,114.20014190673828,139.2001495361328,,,,,,,
gentle strings and flute,laion_clap,global,3,let_the_wolf_out,Let the Wolf Out,0.41115892,103.40042877197266,128.40042114257812,,,,,,,
gentle strings and flute,laion_clap,global,4,galloping_to_kugrant,Galloping to Kugrant,0.40154064,55.20000076293945,80.19999694824219,,,,,,,
gentle strings and flute,laion_clap,global,5,dark_blue_horizon,Dark Blue Horizon,0.39834121,241.4007110595703,266.40069580078125,,,,,,,
gentle strings and flute,laion_clap,global,6,edge,The Edge of the Unknown,0.37260190,140.4577178955078,165.4577178955078,,,,,,,
gentle strings and flute,laion_clap,global,7,icebreaker_storm,Icebreaker Into the Storm,0.36723468,70.01599884033203,95.01599884033203,,,,,,,
gentle strings and flute,laion_clap,global,8,dawn_in_istoccar,Dawn in Istoccar,0.36178124,96.0,121.0,,,,,,,
"soft medieval flute, melancholic and peaceful",laion_clap,global,1,cry_of_the_elves,The Cry of the Elves,0.46060523,31.266807556152344,56.266807556152344,,,,,,,
"soft medieval flute, melancholic and peaceful",laion_clap,global,2,raven_lullaby,Raven Lullaby,0.45665246,83.19999694824219,108.19999694824219,,,,,,,
"soft medieval flute, melancholic and peaceful",laion_clap,global,3,galloping_to_kugrant,Galloping to Kugrant,0.42776963,27.600000381469727,52.599998474121094,,,,,,,
"soft medieval flute, melancholic and peaceful",laion_clap,global,4,dark_blue_horizon,Dark Blue Horizon,0.42013806,241.4007110595703,266.40069580078125,,,,,,,
"soft medieval flute, melancholic and peaceful",laion_clap,global,5,let_the_wolf_out,Let the Wolf Out,0.40397745,103.40042877197266,128.40042114257812,,,,,,,
"soft medieval flute, melancholic and peaceful",laion_clap,global,6,alone_in_the_crowd,Alone In the Crowd,0.39416158,83.06694793701172,108.06694793701172,,,,,,,
"soft medieval flute, melancholic and peaceful",laion_clap,global,7,icebreaker_storm,Icebreaker Into the Storm,0.37247065,70.01599884033203,95.01599884033203,,,,,,,
"soft medieval flute, melancholic and peaceful",laion_clap,global,8,avalon,Quest for Avalon,0.37128931,114.20014190673828,139.2001495361328,,,,,,,
epic orchestral music with choir but not too aggressive,laion_clap,global,1,dark_blue_horizon,Dark Blue Horizon,0.64856470,241.4007110595703,266.40069580078125,,,,,,,
epic orchestral music with choir but not too aggressive,laion_clap,global,2,let_the_wolf_out,Let the Wolf Out,0.62632829,34.4668083190918,59.4668083190918,,,,,,,
epic orchestral music with choir but not too aggressive,laion_clap,global,3,icebreaker_storm,Icebreaker Into the Storm,0.62362170,0.0,25.0,,,,,,,
epic orchestral music with choir but not too aggressive,laion_clap,global,4,edge,The Edge of the Unknown,0.61137670,70.2288589477539,95.2288589477539,,,,,,,
epic orchestral music with choir but not too aggressive,laion_clap,global,5,marching_city_gates,Marching Through City Gates,0.60723519,12.199999809265137,37.20000076293945,,,,,,,
epic orchestral music with choir but not too aggressive,laion_clap,global,6,raven_lullaby,Raven Lullaby,0.60586983,83.19999694824219,108.19999694824219,,,,,,,
epic orchestral music with choir but not too aggressive,laion_clap,global,7,dawn_in_istoccar,Dawn in Istoccar,0.60251594,24.0,49.0,,,,,,,
epic orchestral music with choir but not too aggressive,laion_clap,global,8,galloping_to_kugrant,Galloping to Kugrant,0.58568263,27.600000381469727,52.599998474121094,,,,,,,
dark but not aggressive,laion_clap,global,1,dawn_in_istoccar,Dawn in Istoccar,0.22332413,0.0,25.0,,,,,,,
dark but not aggressive,laion_clap,global,2,ancient_ritual,Ancient Ritual,0.21929941,45.657142639160156,70.65714263916016,3,,,,,,
dark but not aggressive,laion_clap,global,3,edge,The Edge of the Unknown,0.21163504,0.0,25.0,,,,,,,
dark but not aggressive,laion_clap,global,4,dark_blue_horizon,Dark Blue Horizon,0.20802233,144.84042358398438,169.84042358398438,,,,,,,
dark but not aggressive,laion_clap,global,5,cry_of_the_elves,The Cry of the Elves,0.18007115,62.53361511230469,87.53361511230469,,,,,,,
dark but not aggressive,laion_clap,global,6,raven_lullaby,Raven Lullaby,0.17818853,124.80000305175781,149.8000030517578,,,,,,,
dark but not aggressive,laion_clap,global,7,marching_city_gates,Marching Through City Gates,0.17469527,0.0,25.0,,,,,,,
dark but not aggressive,laion_clap,global,8,let_the_wolf_out,Let the Wolf Out,0.15996623,0.0,25.0,,,,,,,
heroic but reflective,laion_clap,global,1,cry_of_the_elves,The Cry of the Elves,0.29973716,0.0,25.0,,,,,,,
heroic but reflective,laion_clap,global,2,dark_blue_horizon,Dark Blue Horizon,0.28964806,48.28014373779297,73.28014373779297,,,,,,,
heroic but reflective,laion_clap,global,3,raven_lullaby,Raven Lullaby,0.28337011,124.80000305175781,149.8000030517578,,,,,,,
heroic but reflective,laion_clap,global,4,let_the_wolf_out,Let the Wolf Out,0.25448853,0.0,25.0,,,,,,,
heroic but reflective,laion_clap,global,5,icebreaker_storm,Icebreaker Into the Storm,0.25184095,0.0,25.0,,,,,,,
heroic but reflective,laion_clap,global,6,dawn_in_istoccar,Dawn in Istoccar,0.23827368,96.0,121.0,,,,,,,
heroic but reflective,laion_clap,global,7,marching_city_gates,Marching Through City Gates,0.23059323,24.399999618530273,49.400001525878906,,,,,,,
heroic but reflective,laion_clap,global,8,alone_in_the_crowd,Alone In the Crowd,0.22894029,207.66737365722656,232.66737365722656,,,,,,,
music for exploring ancient ruins,laion_clap,global,1,dark_blue_horizon,Dark Blue Horizon,0.51494920,241.4007110595703,266.40069580078125,2,,,,,,
music for exploring ancient ruins,laion_clap,global,2,edge,The Edge of the Unknown,0.51352334,70.2288589477539,95.2288589477539,,,,,,,
music for exploring ancient ruins,laion_clap,global,3,let_the_wolf_out,Let the Wolf Out,0.51017869,137.8672332763672,162.8672332763672,,,,,,,
music for exploring ancient ruins,laion_clap,global,4,dawn_in_istoccar,Dawn in Istoccar,0.50655043,96.0,121.0,,,,,,,
music for exploring ancient ruins,laion_clap,global,5,alone_in_the_crowd,Alone In the Crowd,0.50099468,124.60042572021484,149.6004180908203,,,,,,,
music for exploring ancient ruins,laion_clap,global,6,icebreaker_storm,Icebreaker Into the Storm,0.47091627,0.0,25.0,,,,,,,
music for exploring ancient ruins,laion_clap,global,7,galloping_to_kugrant,Galloping to Kugrant,0.46145922,27.600000381469727,52.599998474121094,,,,,,,
music for exploring ancient ruins,laion_clap,global,8,raven_lullaby,Raven Lullaby,0.45266634,124.80000305175781,149.8000030517578,,,,,,,
music for a quiet sunrise,laion_clap,global,1,dark_blue_horizon,Dark Blue Horizon,0.42615673,241.4007110595703,266.40069580078125,,,,,,,
music for a quiet sunrise,laion_clap,global,2,let_the_wolf_out,Let the Wolf Out,0.42576605,0.0,25.0,3,,,,,,
music for a quiet sunrise,laion_clap,global,3,raven_lullaby,Raven Lullaby,0.40055335,83.19999694824219,108.19999694824219,,,,,,,
music for a quiet sunrise,laion_clap,global,4,healing_wind,Healing Wind,0.39337307,56.70000076293945,81.69999694824219,,,,,,,
music for a quiet sunrise,laion_clap,global,5,alone_in_the_crowd,Alone In the Crowd,0.39087665,207.66737365722656,232.66737365722656,,,,,,,
music for a quiet sunrise,laion_clap,global,6,cry_of_the_elves,The Cry of the Elves,0.39072162,93.80042266845703,118.80042266845703,,,,,,,
music for a quiet sunrise,laion_clap,global,7,edge,The Edge of the Unknown,0.38672155,105.3432846069336,130.34329223632812,,,,,,,
music for a quiet sunrise,laion_clap,global,8,ancient_ritual,Ancient Ritual,0.35924494,22.828571319580078,47.82857131958008,,,,,,,
music for riding across an open landscape,laion_clap,global,1,edge,The Edge of the Unknown,0.50758803,140.4577178955078,165.4577178955078,,,,,,,
music for riding across an open landscape,laion_clap,global,2,dark_blue_horizon,Dark Blue Horizon,0.50415349,241.4007110595703,266.40069580078125,,,,,,,
music for riding across an open landscape,laion_clap,global,3,dawn_in_istoccar,Dawn in Istoccar,0.49988651,96.0,121.0,,,,,,,
music for riding across an open landscape,laion_clap,global,4,avalon,Quest for Avalon,0.48155868,228.40028381347656,253.40028381347656,,,,,,,
music for riding across an open landscape,laion_clap,global,5,let_the_wolf_out,Let the Wolf Out,0.47576088,0.0,25.0,3,,,,,,
music for riding across an open landscape,laion_clap,global,6,raven_lullaby,Raven Lullaby,0.46885833,124.80000305175781,149.8000030517578,,,,,,,
music for riding across an open landscape,laion_clap,global,7,marching_city_gates,Marching Through City Gates,0.45001602,0.0,25.0,,,,,,,
music for riding across an open landscape,laion_clap,global,8,galloping_to_kugrant,Galloping to Kugrant,0.44575986,27.600000381469727,52.599998474121094,,,,,,,
epic but calm,laion_clap,global,1,dark_blue_horizon,Dark Blue Horizon,0.56996197,144.84042358398438,169.84042358398438,3,,,,,,
epic but calm,laion_clap,global,2,let_the_wolf_out,Let the Wolf Out,0.50731516,0.0,25.0,,,,,,,
epic but calm,laion_clap,global,3,dawn_in_istoccar,Dawn in Istoccar,0.50022197,120.0,145.0,,,,,,,
epic but calm,laion_clap,global,4,edge,The Edge of the Unknown,0.49066976,70.2288589477539,95.2288589477539,,,,,,,
epic but calm,laion_clap,global,5,raven_lullaby,Raven Lullaby,0.46545330,83.19999694824219,108.19999694824219,,,,,,,
epic but calm,laion_clap,global,6,cry_of_the_elves,The Cry of the Elves,0.46138307,62.53361511230469,87.53361511230469,,,,,,,
epic but calm,laion_clap,global,7,galloping_to_kugrant,Galloping to Kugrant,0.45508993,27.600000381469727,52.599998474121094,,,,,,,
epic but calm,laion_clap,global,8,alone_in_the_crowd,Alone In the Crowd,0.44027656,83.06694793701172,108.06694793701172,,,,,,,
heroic without battle,laion_clap,global,1,dawn_in_istoccar,Dawn in Istoccar,0.47113004,96.0,121.0,,,,,,,
heroic without battle,laion_clap,global,2,icebreaker_storm,Icebreaker Into the Storm,0.46434420,0.0,25.0,,,,,,,
heroic without battle,laion_clap,global,3,marching_city_gates,Marching Through City Gates,0.45646781,48.79999923706055,73.80000305175781,,,,,,,
heroic without battle,laion_clap,global,4,dark_blue_horizon,Dark Blue Horizon,0.42675394,241.4007110595703,266.40069580078125,,,,,,,
heroic without battle,laion_clap,global,5,edge,The Edge of the Unknown,0.42239052,70.2288589477539,95.2288589477539,,,,,,,
heroic without battle,laion_clap,global,6,galloping_to_kugrant,Galloping to Kugrant,0.39397934,41.400001525878906,66.4000015258789,,,,,,,
heroic without battle,laion_clap,global,7,raven_lullaby,Raven Lullaby,0.38528261,124.80000305175781,149.8000030517578,,,,,,,
heroic without battle,laion_clap,global,8,alone_in_the_crowd,Alone In the Crowd,0.34701675,166.13389587402344,191.13389587402344,,,,,,,
fantasy flute without epic orchestra,laion_clap,global,1,raven_lullaby,Raven Lullaby,0.59541255,124.80000305175781,149.8000030517578,,,,,,,
fantasy flute without epic orchestra,laion_clap,global,2,dawn_in_istoccar,Dawn in Istoccar,0.59259522,96.0,121.0,,,,,,,
fantasy flute without epic orchestra,laion_clap,global,3,icebreaker_storm,Icebreaker Into the Storm,0.58586967,0.0,25.0,,,,,,,
fantasy flute without epic orchestra,laion_clap,global,4,galloping_to_kugrant,Galloping to Kugrant,0.57468516,27.600000381469727,52.599998474121094,,,,,,,
fantasy flute without epic orchestra,laion_clap,global,5,edge,The Edge of the Unknown,0.56637526,70.2288589477539,95.2288589477539,,,,,,,
fantasy flute without epic orchestra,laion_clap,global,6,dark_blue_horizon,Dark Blue Horizon,0.56561875,241.4007110595703,266.40069580078125,,,,,,,
fantasy flute without epic orchestra,laion_clap,global,7,avalon,Quest for Avalon,0.54785049,228.40028381347656,253.40028381347656,,,,,,,
fantasy flute without epic orchestra,laion_clap,global,8,marching_city_gates,Marching Through City Gates,0.53900039,48.79999923706055,73.80000305175781,,,,,,,
something powerful but still emotional,laion_clap,global,1,let_the_wolf_out,Let the Wolf Out,0.56956804,172.33404541015625,197.33404541015625,,,,,,,
something powerful but still emotional,laion_clap,global,2,dark_blue_horizon,Dark Blue Horizon,0.55724943,193.1205596923828,218.1205596923828,,,,,,,
something powerful but still emotional,laion_clap,global,3,edge,The Edge of the Unknown,0.55091131,70.2288589477539,95.2288589477539,,,,,,,
something powerful but still emotional,laion_clap,global,4,alone_in_the_crowd,Alone In the Crowd,0.53224421,207.66737365722656,232.66737365722656,,,,,,,
something powerful but still emotional,laion_clap,global,5,dawn_in_istoccar,Dawn in Istoccar,0.50477529,24.0,49.0,,,,,,,
something powerful but still emotional,laion_clap,global,6,icebreaker_storm,Icebreaker Into the Storm,0.50263298,0.0,25.0,,,,,,,
something powerful but still emotional,laion_clap,global,7,cry_of_the_elves,The Cry of the Elves,0.48381543,93.80042266845703,118.80042266845703,,,,,,,
something powerful but still emotional,laion_clap,global,8,marching_city_gates,Marching Through City Gates,0.46947280,0.0,25.0,,,,,,,
a quiet piece that slowly becomes more powerful,laion_clap,global,1,let_the_wolf_out,Let the Wolf Out,0.49065781,68.9336166381836,93.9336166381836,,,,,,,
a quiet piece that slowly becomes more powerful,laion_clap,global,2,edge,The Edge of the Unknown,0.47267810,0.0,25.0,,,,,,,
a quiet piece that slowly becomes more powerful,laion_clap,global,3,dark_blue_horizon,Dark Blue Horizon,0.46073791,144.84042358398438,169.84042358398438,,,,,,,
a quiet piece that slowly becomes more powerful,laion_clap,global,4,dawn_in_istoccar,Dawn in Istoccar,0.44850266,0.0,25.0,,,,,,,
a quiet piece that slowly becomes more powerful,laion_clap,global,5,cry_of_the_elves,The Cry of the Elves,0.43840957,93.80042266845703,118.80042266845703,,,,,,,
a quiet piece that slowly becomes more powerful,laion_clap,global,6,raven_lullaby,Raven Lullaby,0.43696123,83.19999694824219,108.19999694824219,,,,,,,
a quiet piece that slowly becomes more powerful,laion_clap,global,7,alone_in_the_crowd,Alone In the Crowd,0.41354761,124.60042572021484,149.6004180908203,,,,,,,
a quiet piece that slowly becomes more powerful,laion_clap,global,8,galloping_to_kugrant,Galloping to Kugrant,0.41317761,13.800000190734863,38.79999923706055,,,,,,,
epic music,laion_clap,segment,1,let_the_wolf_out,Let the Wolf Out,0.56653565,137.8672332763672,162.8672332763672,,,,,,,
epic music,laion_clap,segment,2,edge,The Edge of the Unknown,0.55351210,70.2288589477539,95.2288589477539,,,,,,,
epic music,laion_clap,segment,3,dark_blue_horizon,Dark Blue Horizon,0.54981780,241.4007110595703,266.40069580078125,,,,,,,
epic music,laion_clap,segment,4,alone_in_the_crowd,Alone In the Crowd,0.54770583,166.13389587402344,191.13389587402344,,,,,,,
epic music,laion_clap,segment,5,dawn_in_istoccar,Dawn in Istoccar,0.54478657,96.0,121.0,,,,,,,
epic music,laion_clap,segment,6,icebreaker_storm,Icebreaker Into the Storm,0.54057091,0.0,25.0,,,,,,,
epic music,laion_clap,segment,7,classical_is_so_metal,Classical Is So Metal,0.52135497,84.80000305175781,109.80000305175781,,,,,,,
epic music,laion_clap,segment,8,marching_city_gates,Marching Through City Gates,0.49034703,48.79999923706055,73.80000305175781,,,,,,,
dark fantasy music,laion_clap,segment,1,edge,The Edge of the Unknown,0.60803252,70.2288589477539,95.2288589477539,,,,,,,
dark fantasy music,laion_clap,segment,2,dark_blue_horizon,Dark Blue Horizon,0.59590280,144.84042358398438,169.84042358398438,,,,,,,
dark fantasy music,laion_clap,segment,3,dawn_in_istoccar,Dawn in Istoccar,0.58152986,120.0,145.0,,,,,,,
dark fantasy music,laion_clap,segment,4,let_the_wolf_out,Let the Wolf Out,0.57572234,137.8672332763672,162.8672332763672,,,,,,,
dark fantasy music,laion_clap,segment,5,classical_is_so_metal,Classical Is So Metal,0.57450354,84.80000305175781,109.80000305175781,,,,,,,
dark fantasy music,laion_clap,segment,6,alone_in_the_crowd,Alone In the Crowd,0.56643856,83.06694793701172,108.06694793701172,,,,,,,
dark fantasy music,laion_clap,segment,7,icebreaker_storm,Icebreaker Into the Storm,0.55331755,0.0,25.0,,,,,,,
dark fantasy music,laion_clap,segment,8,avalon,Quest for Avalon,0.51218873,228.40028381347656,253.40028381347656,,,,,,,
peaceful fantasy music,laion_clap,segment,1,dark_blue_horizon,Dark Blue Horizon,0.61395752,241.4007110595703,266.40069580078125,3,,,,,,
peaceful fantasy music,laion_clap,segment,2,edge,The Edge of the Unknown,0.56673014,70.2288589477539,95.2288589477539,,,,,,,
peaceful fantasy music,laion_clap,segment,3,alone_in_the_crowd,Alone In the Crowd,0.56147617,83.06694793701172,108.06694793701172,,,,,,,
peaceful fantasy music,laion_clap,segment,4,classical_is_so_metal,Classical Is So Metal,0.56137836,84.80000305175781,109.80000305175781,,,,,,,
peaceful fantasy music,laion_clap,segment,5,let_the_wolf_out,Let the Wolf Out,0.55372477,34.4668083190918,59.4668083190918,,,,,,,
peaceful fantasy music,laion_clap,segment,6,dawn_in_istoccar,Dawn in Istoccar,0.53462613,96.0,121.0,,,,,,,
peaceful fantasy music,laion_clap,segment,7,avalon,Quest for Avalon,0.53182155,228.40028381347656,253.40028381347656,,,,,,,
peaceful fantasy music,laion_clap,segment,8,icebreaker_storm,Icebreaker Into the Storm,0.52340287,0.0,25.0,,,,,,,
emotional orchestral music,laion_clap,segment,1,dark_blue_horizon,Dark Blue Horizon,0.59542584,241.4007110595703,266.40069580078125,,,,,,,
emotional orchestral music,laion_clap,segment,2,edge,The Edge of the Unknown,0.59389657,70.2288589477539,95.2288589477539,,,,,,,
emotional orchestral music,laion_clap,segment,3,icebreaker_storm,Icebreaker Into the Storm,0.57529110,0.0,25.0,,,,,,,
emotional orchestral music,laion_clap,segment,4,raven_lullaby,Raven Lullaby,0.56243700,83.19999694824219,108.19999694824219,,,,,,,
emotional orchestral music,laion_clap,segment,5,dawn_in_istoccar,Dawn in Istoccar,0.53383833,96.0,121.0,,,,,,,
emotional orchestral music,laion_clap,segment,6,avalon,Quest for Avalon,0.52252185,114.20014190673828,139.2001495361328,,,,,,,
emotional orchestral music,laion_clap,segment,7,let_the_wolf_out,Let the Wolf Out,0.51446033,137.8672332763672,162.8672332763672,,,,,,,
emotional orchestral music,laion_clap,segment,8,galloping_to_kugrant,Galloping to Kugrant,0.50135565,27.600000381469727,52.599998474121094,,,,,,,
soft medieval flute,laion_clap,segment,1,cry_of_the_elves,The Cry of the Elves,0.41928786,0.0,25.0,2,no,,,,,
soft medieval flute,laion_clap,segment,2,ancient_ritual,Ancient Ritual,0.41804785,22.828571319580078,47.82857131958008,,,,,,,
soft medieval flute,laion_clap,segment,3,icebreaker_storm,Icebreaker Into the Storm,0.40138209,70.01599884033203,95.01599884033203,,,,,,,
soft medieval flute,laion_clap,segment,4,night_at_the_tavern,A Night at the Tavern,0.37212935,20.75885772705078,45.75885772705078,,,,,,,
soft medieval flute,laion_clap,segment,5,avalon,Quest for Avalon,0.37027785,114.20014190673828,139.2001495361328,,,,,,,
soft medieval flute,laion_clap,segment,6,galloping_to_kugrant,Galloping to Kugrant,0.36843914,55.20000076293945,80.19999694824219,,,,,,,
soft medieval flute,laion_clap,segment,7,raven_lullaby,Raven Lullaby,0.36593312,83.19999694824219,108.19999694824219,,,,,,,
soft medieval flute,laion_clap,segment,8,let_the_wolf_out,Let the Wolf Out,0.34626365,103.40042877197266,128.40042114257812,,,,,,,
emotional solo violin,laion_clap,segment,1,raven_lullaby,Raven Lullaby,0.58985114,83.19999694824219,108.19999694824219,3,,,,,,
emotional solo violin,laion_clap,segment,2,icebreaker_storm,Icebreaker Into the Storm,0.51732469,70.01599884033203,95.01599884033203,,,,,,,
emotional solo violin,laion_clap,segment,3,edge,The Edge of the Unknown,0.49197942,70.2288589477539,95.2288589477539,,,,,,,
emotional solo violin,laion_clap,segment,4,avalon,Quest for Avalon,0.46498388,114.20014190673828,139.2001495361328,,,,,,,
emotional solo violin,laion_clap,segment,5,galloping_to_kugrant,Galloping to Kugrant,0.45831212,0.0,25.0,,,,,,,
emotional solo violin,laion_clap,segment,6,dark_blue_horizon,Dark Blue Horizon,0.44105816,48.28014373779297,73.28014373779297,,,,,,,
emotional solo violin,laion_clap,segment,7,let_the_wolf_out,Let the Wolf Out,0.42080814,103.40042877197266,128.40042114257812,,,,,,,
emotional solo violin,laion_clap,segment,8,marching_city_gates,Marching Through City Gates,0.41179591,24.399999618530273,49.400001525878906,,,,,,,
music with choir and heavy percussion,laion_clap,segment,1,marching_city_gates,Marching Through City Gates,0.68509263,0.0,25.0,,,,,,,
music with choir and heavy percussion,laion_clap,segment,2,avalon,Quest for Avalon,0.65445989,342.6004333496094,367.6004333496094,,,,,,,
music with choir and heavy percussion,laion_clap,segment,3,icebreaker_storm,Icebreaker Into the Storm,0.60376155,17.503999710083008,42.50400161743164,,,,,,,
music with choir and heavy percussion,laion_clap,segment,4,dark_blue_horizon,Dark Blue Horizon,0.57183516,241.4007110595703,266.40069580078125,,,,,,,
music with choir and heavy percussion,laion_clap,segment,5,edge,The Edge of the Unknown,0.56621611,175.5721435546875,200.5721435546875,,,,,,,
music with choir and heavy percussion,laion_clap,segment,6,healing_wind,Healing Wind,0.55304742,18.899999618530273,43.900001525878906,,,,,,,
music with choir and heavy percussion,laion_clap,segment,7,dawn_in_istoccar,Dawn in Istoccar,0.54205000,0.0,25.0,,,,,,,
music with choir and heavy percussion,laion_clap,segment,8,let_the_wolf_out,Let the Wolf Out,0.51287675,68.9336166381836,93.9336166381836,,,,,,,
gentle strings and flute,laion_clap,segment,1,raven_lullaby,Raven Lullaby,0.54860967,83.19999694824219,108.19999694824219,,,,,,,
gentle strings and flute,laion_clap,segment,2,avalon,Quest for Avalon,0.51511228,114.20014190673828,139.2001495361328,,,,,,,
gentle strings and flute,laion_clap,segment,3,dark_blue_horizon,Dark Blue Horizon,0.46561721,241.4007110595703,266.40069580078125,,,,,,,
gentle strings and flute,laion_clap,segment,4,ancient_ritual,Ancient Ritual,0.45422751,0.0,25.0,,,,,,,
gentle strings and flute,laion_clap,segment,5,let_the_wolf_out,Let the Wolf Out,0.44089696,103.40042877197266,128.40042114257812,,,,,,,
gentle strings and flute,laion_clap,segment,6,edge,The Edge of the Unknown,0.43422055,140.4577178955078,165.4577178955078,,,,,,,
gentle strings and flute,laion_clap,segment,7,galloping_to_kugrant,Galloping to Kugrant,0.41792741,55.20000076293945,80.19999694824219,,,,,,,
gentle strings and flute,laion_clap,segment,8,icebreaker_storm,Icebreaker Into the Storm,0.40223953,70.01599884033203,95.01599884033203,,,,,,,
"soft medieval flute, melancholic and peaceful",laion_clap,segment,1,ancient_ritual,Ancient Ritual,0.55725634,0.0,25.0,3,,,,,,
"soft medieval flute, melancholic and peaceful",laion_clap,segment,2,avalon,Quest for Avalon,0.50487101,114.20014190673828,139.2001495361328,,,,,,,
"soft medieval flute, melancholic and peaceful",laion_clap,segment,3,raven_lullaby,Raven Lullaby,0.49144751,83.19999694824219,108.19999694824219,,,,,,,
"soft medieval flute, melancholic and peaceful",laion_clap,segment,4,cry_of_the_elves,The Cry of the Elves,0.45725024,31.266807556152344,56.266807556152344,,,,,,,
"soft medieval flute, melancholic and peaceful",laion_clap,segment,5,let_the_wolf_out,Let the Wolf Out,0.45585591,103.40042877197266,128.40042114257812,,,,,,,
"soft medieval flute, melancholic and peaceful",laion_clap,segment,6,icebreaker_storm,Icebreaker Into the Storm,0.44598377,70.01599884033203,95.01599884033203,,,,,,,
"soft medieval flute, melancholic and peaceful",laion_clap,segment,7,galloping_to_kugrant,Galloping to Kugrant,0.44311932,27.600000381469727,52.599998474121094,,,,,,,
"soft medieval flute, melancholic and peaceful",laion_clap,segment,8,dark_blue_horizon,Dark Blue Horizon,0.43670729,241.4007110595703,266.40069580078125,,,,,,,
epic orchestral music with choir but not too aggressive,laion_clap,segment,1,dark_blue_horizon,Dark Blue Horizon,0.67944157,241.4007110595703,266.40069580078125,,,,,,,
epic orchestral music with choir but not too aggressive,laion_clap,segment,2,edge,The Edge of the Unknown,0.67485368,70.2288589477539,95.2288589477539,,,,,,,
epic orchestral music with choir but not too aggressive,laion_clap,segment,3,icebreaker_storm,Icebreaker Into the Storm,0.66185117,0.0,25.0,,,,,,,
epic orchestral music with choir but not too aggressive,laion_clap,segment,4,marching_city_gates,Marching Through City Gates,0.62910014,12.199999809265137,37.20000076293945,,,,,,,
epic orchestral music with choir but not too aggressive,laion_clap,segment,5,avalon,Quest for Avalon,0.61258245,114.20014190673828,139.2001495361328,,,,,,,
epic orchestral music with choir but not too aggressive,laion_clap,segment,6,dawn_in_istoccar,Dawn in Istoccar,0.60864031,24.0,49.0,,,,,,,
epic orchestral music with choir but not too aggressive,laion_clap,segment,7,galloping_to_kugrant,Galloping to Kugrant,0.59638524,27.600000381469727,52.599998474121094,,,,,,,
epic orchestral music with choir but not too aggressive,laion_clap,segment,8,let_the_wolf_out,Let the Wolf Out,0.59497952,34.4668083190918,59.4668083190918,,,,,,,
dark but not aggressive,laion_clap,segment,1,dark_blue_horizon,Dark Blue Horizon,0.30071706,144.84042358398438,169.84042358398438,,,,,,,
dark but not aggressive,laion_clap,segment,2,dawn_in_istoccar,Dawn in Istoccar,0.27570722,0.0,25.0,,,,,,,
dark but not aggressive,laion_clap,segment,3,edge,The Edge of the Unknown,0.27125144,0.0,25.0,,,,,,,
dark but not aggressive,laion_clap,segment,4,ancient_ritual,Ancient Ritual,0.23916467,45.657142639160156,70.65714263916016,3,,,,,,
dark but not aggressive,laion_clap,segment,5,marching_city_gates,Marching Through City Gates,0.22041017,0.0,25.0,,,,,,,
dark but not aggressive,laion_clap,segment,6,let_the_wolf_out,Let the Wolf Out,0.21973836,0.0,25.0,,,,,,,
dark but not aggressive,laion_clap,segment,7,raven_lullaby,Raven Lullaby,0.21864626,124.80000305175781,149.8000030517578,,,,,,,
dark but not aggressive,laion_clap,segment,8,cry_of_the_elves,The Cry of the Elves,0.20909739,62.53361511230469,87.53361511230469,,,,,,,
heroic but reflective,laion_clap,segment,1,cry_of_the_elves,The Cry of the Elves,0.35702857,0.0,25.0,,,,,,,
heroic but reflective,laion_clap,segment,2,dark_blue_horizon,Dark Blue Horizon,0.31291175,48.28014373779297,73.28014373779297,,,,,,,
heroic but reflective,laion_clap,segment,3,icebreaker_storm,Icebreaker Into the Storm,0.29240665,0.0,25.0,,,,,,,
heroic but reflective,laion_clap,segment,4,raven_lullaby,Raven Lullaby,0.29054958,124.80000305175781,149.8000030517578,,,,,,,
heroic but reflective,laion_clap,segment,5,let_the_wolf_out,Let the Wolf Out,0.28198391,0.0,25.0,,,,,,,
heroic but reflective,laion_clap,segment,6,avalon,Quest for Avalon,0.27574229,114.20014190673828,139.2001495361328,,,,,,,
heroic but reflective,laion_clap,segment,7,edge,The Edge of the Unknown,0.26924217,70.2288589477539,95.2288589477539,,,,,,,
heroic but reflective,laion_clap,segment,8,dawn_in_istoccar,Dawn in Istoccar,0.26771951,96.0,121.0,,,,,,,
music for exploring ancient ruins,laion_clap,segment,1,dark_blue_horizon,Dark Blue Horizon,0.53914148,241.4007110595703,266.40069580078125,2,,,,,,
music for exploring ancient ruins,laion_clap,segment,2,edge,The Edge of the Unknown,0.51469886,70.2288589477539,95.2288589477539,,,,,,,
music for exploring ancient ruins,laion_clap,segment,3,let_the_wolf_out,Let the Wolf Out,0.51391917,137.8672332763672,162.8672332763672,,,,,,,
music for exploring ancient ruins,laion_clap,segment,4,dawn_in_istoccar,Dawn in Istoccar,0.50587451,96.0,121.0,,,,,,,
music for exploring ancient ruins,laion_clap,segment,5,alone_in_the_crowd,Alone In the Crowd,0.50447750,124.60042572021484,149.6004180908203,,,,,,,
music for exploring ancient ruins,laion_clap,segment,6,classical_is_so_metal,Classical Is So Metal,0.49624288,106.0,131.0,,,,,,,
music for exploring ancient ruins,laion_clap,segment,7,icebreaker_storm,Icebreaker Into the Storm,0.48929083,0.0,25.0,,,,,,,
music for exploring ancient ruins,laion_clap,segment,8,raven_lullaby,Raven Lullaby,0.48253518,124.80000305175781,149.8000030517578,,,,,,,
music for a quiet sunrise,laion_clap,segment,1,let_the_wolf_out,Let the Wolf Out,0.49190173,0.0,25.0,3,,,,,,
music for a quiet sunrise,laion_clap,segment,2,ancient_ritual,Ancient Ritual,0.45695788,22.828571319580078,47.82857131958008,,,,,,,
music for a quiet sunrise,laion_clap,segment,3,dark_blue_horizon,Dark Blue Horizon,0.45593068,241.4007110595703,266.40069580078125,,,,,,,
music for a quiet sunrise,laion_clap,segment,4,healing_wind,Healing Wind,0.45159370,56.70000076293945,81.69999694824219,,,,,,,
music for a quiet sunrise,laion_clap,segment,5,alone_in_the_crowd,Alone In the Crowd,0.43458751,207.66737365722656,232.66737365722656,,,,,,,
music for a quiet sunrise,laion_clap,segment,6,cry_of_the_elves,The Cry of the Elves,0.40728667,93.80042266845703,118.80042266845703,,,,,,,
music for a quiet sunrise,laion_clap,segment,7,avalon,Quest for Avalon,0.40513361,114.20014190673828,139.2001495361328,3,,,,,,
music for a quiet sunrise,laion_clap,segment,8,edge,The Edge of the Unknown,0.39712250,105.3432846069336,130.34329223632812,,,,,,,
music for riding across an open landscape,laion_clap,segment,1,dark_blue_horizon,Dark Blue Horizon,0.52925497,241.4007110595703,266.40069580078125,,,,,,,
music for riding across an open landscape,laion_clap,segment,2,raven_lullaby,Raven Lullaby,0.49971193,124.80000305175781,149.8000030517578,,,,,,,
music for riding across an open landscape,laion_clap,segment,3,avalon,Quest for Avalon,0.49883869,228.40028381347656,253.40028381347656,,,,,,,
music for riding across an open landscape,laion_clap,segment,4,dawn_in_istoccar,Dawn in Istoccar,0.49746320,96.0,121.0,,,,,,,
music for riding across an open landscape,laion_clap,segment,5,edge,The Edge of the Unknown,0.49333423,140.4577178955078,165.4577178955078,,,,,,,
music for riding across an open landscape,laion_clap,segment,6,let_the_wolf_out,Let the Wolf Out,0.49000788,0.0,25.0,3,,,,,,
music for riding across an open landscape,laion_clap,segment,7,marching_city_gates,Marching Through City Gates,0.46347526,0.0,25.0,,,,,,,
music for riding across an open landscape,laion_clap,segment,8,alone_in_the_crowd,Alone In the Crowd,0.46140414,124.60042572021484,149.6004180908203,,,,,,,
epic but calm,laion_clap,segment,1,dark_blue_horizon,Dark Blue Horizon,0.57009023,144.84042358398438,169.84042358398438,3,,,,,,
epic but calm,laion_clap,segment,2,let_the_wolf_out,Let the Wolf Out,0.52516556,0.0,25.0,,,,,,,
epic but calm,laion_clap,segment,3,edge,The Edge of the Unknown,0.52325904,70.2288589477539,95.2288589477539,,,,,,,
epic but calm,laion_clap,segment,4,dawn_in_istoccar,Dawn in Istoccar,0.51248550,120.0,145.0,,,,,,,
epic but calm,laion_clap,segment,5,icebreaker_storm,Icebreaker Into the Storm,0.50517517,0.0,25.0,,,,,,,
epic but calm,laion_clap,segment,6,raven_lullaby,Raven Lullaby,0.49163491,83.19999694824219,108.19999694824219,,,,,,,
epic but calm,laion_clap,segment,7,galloping_to_kugrant,Galloping to Kugrant,0.48187333,27.600000381469727,52.599998474121094,,,,,,,
epic but calm,laion_clap,segment,8,cry_of_the_elves,The Cry of the Elves,0.48075378,62.53361511230469,87.53361511230469,,,,,,,
heroic without battle,laion_clap,segment,1,icebreaker_storm,Icebreaker Into the Storm,0.50664026,0.0,25.0,,,,,,,
heroic without battle,laion_clap,segment,2,marching_city_gates,Marching Through City Gates,0.48380160,48.79999923706055,73.80000305175781,,,,,,,
heroic without battle,laion_clap,segment,3,dawn_in_istoccar,Dawn in Istoccar,0.47404230,96.0,121.0,,,,,,,
heroic without battle,laion_clap,segment,4,raven_lullaby,Raven Lullaby,0.44778234,124.80000305175781,149.8000030517578,,,,,,,
heroic without battle,laion_clap,segment,5,edge,The Edge of the Unknown,0.44637126,70.2288589477539,95.2288589477539,,,,,,,
heroic without battle,laion_clap,segment,6,let_the_wolf_out,Let the Wolf Out,0.43819538,137.8672332763672,162.8672332763672,,,,,,,
heroic without battle,laion_clap,segment,7,galloping_to_kugrant,Galloping to Kugrant,0.43559566,41.400001525878906,66.4000015258789,,,,,,,
heroic without battle,laion_clap,segment,8,alone_in_the_crowd,Alone In the Crowd,0.43462944,166.13389587402344,191.13389587402344,,,,,,,
fantasy flute without epic orchestra,laion_clap,segment,1,icebreaker_storm,Icebreaker Into the Storm,0.60355806,0.0,25.0,,,,,,,
fantasy flute without epic orchestra,laion_clap,segment,2,dark_blue_horizon,Dark Blue Horizon,0.59590971,241.4007110595703,266.40069580078125,,,,,,,
fantasy flute without epic orchestra,laion_clap,segment,3,edge,The Edge of the Unknown,0.59567785,70.2288589477539,95.2288589477539,,,,,,,
fantasy flute without epic orchestra,laion_clap,segment,4,dawn_in_istoccar,Dawn in Istoccar,0.59406447,96.0,121.0,,,,,,,
fantasy flute without epic orchestra,laion_clap,segment,5,galloping_to_kugrant,Galloping to Kugrant,0.58959961,27.600000381469727,52.599998474121094,,,,,,,
fantasy flute without epic orchestra,laion_clap,segment,6,raven_lullaby,Raven Lullaby,0.58841550,124.80000305175781,149.8000030517578,,,,,,,
fantasy flute without epic orchestra,laion_clap,segment,7,avalon,Quest for Avalon,0.56118679,228.40028381347656,253.40028381347656,,,,,,,
fantasy flute without epic orchestra,laion_clap,segment,8,alone_in_the_crowd,Alone In the Crowd,0.55194116,124.60042572021484,149.6004180908203,,,,,,,
something powerful but still emotional,laion_clap,segment,1,edge,The Edge of the Unknown,0.56435025,70.2288589477539,95.2288589477539,,,,,,,
something powerful but still emotional,laion_clap,segment,2,let_the_wolf_out,Let the Wolf Out,0.55825996,172.33404541015625,197.33404541015625,,,,,,,
something powerful but still emotional,laion_clap,segment,3,icebreaker_storm,Icebreaker Into the Storm,0.53550351,0.0,25.0,,,,,,,
something powerful but still emotional,laion_clap,segment,4,alone_in_the_crowd,Alone In the Crowd,0.52956825,207.66737365722656,232.66737365722656,,,,,,,
something powerful but still emotional,laion_clap,segment,5,dark_blue_horizon,Dark Blue Horizon,0.52645671,193.1205596923828,218.1205596923828,,,,,,,
something powerful but still emotional,laion_clap,segment,6,dawn_in_istoccar,Dawn in Istoccar,0.50526297,24.0,49.0,,,,,,,
something powerful but still emotional,laion_clap,segment,7,galloping_to_kugrant,Galloping to Kugrant,0.49120086,27.600000381469727,52.599998474121094,,,,,,,
something powerful but still emotional,laion_clap,segment,8,classical_is_so_metal,Classical Is So Metal,0.48966038,106.0,131.0,,,,,,,
a quiet piece that slowly becomes more powerful,laion_clap,segment,1,let_the_wolf_out,Let the Wolf Out,0.49941435,68.9336166381836,93.9336166381836,,,,,,,
a quiet piece that slowly becomes more powerful,laion_clap,segment,2,dark_blue_horizon,Dark Blue Horizon,0.48616689,144.84042358398438,169.84042358398438,,,,,,,
a quiet piece that slowly becomes more powerful,laion_clap,segment,3,raven_lullaby,Raven Lullaby,0.47722965,83.19999694824219,108.19999694824219,,,,,,,
a quiet piece that slowly becomes more powerful,laion_clap,segment,4,edge,The Edge of the Unknown,0.46481755,0.0,25.0,,,,,,,
a quiet piece that slowly becomes more powerful,laion_clap,segment,5,cry_of_the_elves,The Cry of the Elves,0.46474755,93.80042266845703,118.80042266845703,,,,,,,
a quiet piece that slowly becomes more powerful,laion_clap,segment,6,dawn_in_istoccar,Dawn in Istoccar,0.45902538,0.0,25.0,,,,,,,
a quiet piece that slowly becomes more powerful,laion_clap,segment,7,icebreaker_storm,Icebreaker Into the Storm,0.43654132,0.0,25.0,,,,,,,
a quiet piece that slowly becomes more powerful,laion_clap,segment,8,galloping_to_kugrant,Galloping to Kugrant,0.43152243,13.800000190734863,38.79999923706055,,,,,,,
epic music,laion_clap,hybrid,1,edge,The Edge of the Unknown,0.55532897,70.2288589477539,95.2288589477539,,,,,,,
epic music,laion_clap,hybrid,2,dark_blue_horizon,Dark Blue Horizon,0.55489409,241.4007110595703,266.40069580078125,,,,,,,
epic music,laion_clap,hybrid,3,dawn_in_istoccar,Dawn in Istoccar,0.54513663,96.0,121.0,,,,,,,
epic music,laion_clap,hybrid,4,let_the_wolf_out,Let the Wolf Out,0.52380487,137.8672332763672,162.8672332763672,,,,,,,
epic music,laion_clap,hybrid,5,alone_in_the_crowd,Alone In the Crowd,0.52266139,166.13389587402344,191.13389587402344,,,,,,,
epic music,laion_clap,hybrid,6,icebreaker_storm,Icebreaker Into the Storm,0.51499712,0.0,25.0,,,,,,,
epic music,laion_clap,hybrid,7,classical_is_so_metal,Classical Is So Metal,0.50052422,84.80000305175781,109.80000305175781,,,,,,,
epic music,laion_clap,hybrid,8,marching_city_gates,Marching Through City Gates,0.46340007,48.79999923706055,73.80000305175781,,,,,,,
dark fantasy music,laion_clap,hybrid,1,dark_blue_horizon,Dark Blue Horizon,0.61006266,144.84042358398438,169.84042358398438,,,,,,,
dark fantasy music,laion_clap,hybrid,2,edge,The Edge of the Unknown,0.60846004,70.2288589477539,95.2288589477539,,,,,,,
dark fantasy music,laion_clap,hybrid,3,dawn_in_istoccar,Dawn in Istoccar,0.57374972,120.0,145.0,,,,,,,
dark fantasy music,laion_clap,hybrid,4,alone_in_the_crowd,Alone In the Crowd,0.55829567,83.06694793701172,108.06694793701172,,,,,,,
dark fantasy music,laion_clap,hybrid,5,let_the_wolf_out,Let the Wolf Out,0.55826068,137.8672332763672,162.8672332763672,,,,,,,
dark fantasy music,laion_clap,hybrid,6,classical_is_so_metal,Classical Is So Metal,0.53282559,84.80000305175781,109.80000305175781,,,,,,,
dark fantasy music,laion_clap,hybrid,7,icebreaker_storm,Icebreaker Into the Storm,0.52958766,0.0,25.0,,,,,,,
dark fantasy music,laion_clap,hybrid,8,galloping_to_kugrant,Galloping to Kugrant,0.49041042,27.600000381469727,52.599998474121094,,,,,,,
peaceful fantasy music,laion_clap,hybrid,1,dark_blue_horizon,Dark Blue Horizon,0.60622662,241.4007110595703,266.40069580078125,3,,,,,,
peaceful fantasy music,laion_clap,hybrid,2,edge,The Edge of the Unknown,0.55998957,70.2288589477539,95.2288589477539,,,,,,,
peaceful fantasy music,laion_clap,hybrid,3,alone_in_the_crowd,Alone In the Crowd,0.55363461,83.06694793701172,108.06694793701172,,,,,,,
peaceful fantasy music,laion_clap,hybrid,4,let_the_wolf_out,Let the Wolf Out,0.54757994,34.4668083190918,59.4668083190918,,,,,,,
peaceful fantasy music,laion_clap,hybrid,5,dawn_in_istoccar,Dawn in Istoccar,0.53551567,96.0,121.0,,,,,,,
peaceful fantasy music,laion_clap,hybrid,6,classical_is_so_metal,Classical Is So Metal,0.53050944,84.80000305175781,109.80000305175781,,,,,,,
peaceful fantasy music,laion_clap,hybrid,7,avalon,Quest for Avalon,0.51444992,228.40028381347656,253.40028381347656,,,,,,,
peaceful fantasy music,laion_clap,hybrid,8,icebreaker_storm,Icebreaker Into the Storm,0.50297694,0.0,25.0,,,,,,,
emotional orchestral music,laion_clap,hybrid,1,dark_blue_horizon,Dark Blue Horizon,0.58367965,241.4007110595703,266.40069580078125,,,,,,,
emotional orchestral music,laion_clap,hybrid,2,edge,The Edge of the Unknown,0.56371501,70.2288589477539,95.2288589477539,,,,,,,
emotional orchestral music,laion_clap,hybrid,3,raven_lullaby,Raven Lullaby,0.56110609,83.19999694824219,108.19999694824219,,,,,,,
emotional orchestral music,laion_clap,hybrid,4,icebreaker_storm,Icebreaker Into the Storm,0.54853827,0.0,25.0,,,,,,,
emotional orchestral music,laion_clap,hybrid,5,dawn_in_istoccar,Dawn in Istoccar,0.53572103,96.0,121.0,,,,,,,
emotional orchestral music,laion_clap,hybrid,6,let_the_wolf_out,Let the Wolf Out,0.51884949,137.8672332763672,162.8672332763672,,,,,,,
emotional orchestral music,laion_clap,hybrid,7,avalon,Quest for Avalon,0.51057945,114.20014190673828,139.2001495361328,,,,,,,
emotional orchestral music,laion_clap,hybrid,8,galloping_to_kugrant,Galloping to Kugrant,0.49715582,27.600000381469727,52.599998474121094,,,,,,,
soft medieval flute,laion_clap,hybrid,1,cry_of_the_elves,The Cry of the Elves,0.40705618,0.0,25.0,2,no,,,,,
soft medieval flute,laion_clap,hybrid,2,galloping_to_kugrant,Galloping to Kugrant,0.36122712,55.20000076293945,80.19999694824219,,,,,,,
soft medieval flute,laion_clap,hybrid,3,icebreaker_storm,Icebreaker Into the Storm,0.35710135,70.01599884033203,95.01599884033203,,,,,,,
soft medieval flute,laion_clap,hybrid,4,raven_lullaby,Raven Lullaby,0.35602775,83.19999694824219,108.19999694824219,,,,,,,
soft medieval flute,laion_clap,hybrid,5,avalon,Quest for Avalon,0.34670769,114.20014190673828,139.2001495361328,,,,,,,
soft medieval flute,laion_clap,hybrid,6,night_at_the_tavern,A Night at the Tavern,0.34110609,20.75885772705078,45.75885772705078,,,,,,,
soft medieval flute,laion_clap,hybrid,7,ancient_ritual,Ancient Ritual,0.33126888,22.828571319580078,47.82857131958008,,,,,,,
soft medieval flute,laion_clap,hybrid,8,alone_in_the_crowd,Alone In the Crowd,0.32652602,83.06694793701172,108.06694793701172,,,,,,,
emotional solo violin,laion_clap,hybrid,1,raven_lullaby,Raven Lullaby,0.57474250,83.19999694824219,108.19999694824219,3,,,,,,
emotional solo violin,laion_clap,hybrid,2,icebreaker_storm,Icebreaker Into the Storm,0.46448568,70.01599884033203,95.01599884033203,,,,,,,
emotional solo violin,laion_clap,hybrid,3,galloping_to_kugrant,Galloping to Kugrant,0.44692978,0.0,25.0,,,,,,,
emotional solo violin,laion_clap,hybrid,4,edge,The Edge of the Unknown,0.44412401,70.2288589477539,95.2288589477539,,,,,,,
emotional solo violin,laion_clap,hybrid,5,dark_blue_horizon,Dark Blue Horizon,0.43787108,48.28014373779297,73.28014373779297,,,,,,,
emotional solo violin,laion_clap,hybrid,6,avalon,Quest for Avalon,0.39895310,114.20014190673828,139.2001495361328,,,,,,,
emotional solo violin,laion_clap,hybrid,7,marching_city_gates,Marching Through City Gates,0.39695843,24.399999618530273,49.400001525878906,,,,,,,
emotional solo violin,laion_clap,hybrid,8,let_the_wolf_out,Let the Wolf Out,0.39391720,103.40042877197266,128.40042114257812,,,,,,,
music with choir and heavy percussion,laion_clap,hybrid,1,marching_city_gates,Marching Through City Gates,0.66937682,0.0,25.0,,,,,,,
music with choir and heavy percussion,laion_clap,hybrid,2,avalon,Quest for Avalon,0.64620969,342.6004333496094,367.6004333496094,,,,,,,
music with choir and heavy percussion,laion_clap,hybrid,3,icebreaker_storm,Icebreaker Into the Storm,0.58344871,17.503999710083008,42.50400161743164,,,,,,,
music with choir and heavy percussion,laion_clap,hybrid,4,edge,The Edge of the Unknown,0.58035851,175.5721435546875,200.5721435546875,,,,,,,
music with choir and heavy percussion,laion_clap,hybrid,5,healing_wind,Healing Wind,0.55420017,18.899999618530273,43.900001525878906,,,,,,,
music with choir and heavy percussion,laion_clap,hybrid,6,dark_blue_horizon,Dark Blue Horizon,0.54325441,241.4007110595703,266.40069580078125,,,,,,,
music with choir and heavy percussion,laion_clap,hybrid,7,dawn_in_istoccar,Dawn in Istoccar,0.53895953,0.0,25.0,,,,,,,
music with choir and heavy percussion,laion_clap,hybrid,8,night_at_the_tavern,A Night at the Tavern,0.49579936,51.89714431762695,76.89714050292969,,,,,,,
gentle strings and flute,laion_clap,hybrid,1,raven_lullaby,Raven Lullaby,0.52816001,83.19999694824219,108.19999694824219,,,,,,,
gentle strings and flute,laion_clap,hybrid,2,avalon,Quest for Avalon,0.47633700,114.20014190673828,139.2001495361328,,,,,,,
gentle strings and flute,laion_clap,hybrid,3,dark_blue_horizon,Dark Blue Horizon,0.43197921,241.4007110595703,266.40069580078125,,,,,,,
gentle strings and flute,laion_clap,hybrid,4,let_the_wolf_out,Let the Wolf Out,0.42602794,103.40042877197266,128.40042114257812,,,,,,,
gentle strings and flute,laion_clap,hybrid,5,galloping_to_kugrant,Galloping to Kugrant,0.40973403,55.20000076293945,80.19999694824219,,,,,,,
gentle strings and flute,laion_clap,hybrid,6,edge,The Edge of the Unknown,0.40341122,140.4577178955078,165.4577178955078,,,,,,,
gentle strings and flute,laion_clap,hybrid,7,icebreaker_storm,Icebreaker Into the Storm,0.38473710,70.01599884033203,95.01599884033203,,,,,,,
gentle strings and flute,laion_clap,hybrid,8,dawn_in_istoccar,Dawn in Istoccar,0.37078047,96.0,121.0,,,,,,,
"soft medieval flute, melancholic and peaceful",laion_clap,hybrid,1,raven_lullaby,Raven Lullaby,0.47404999,83.19999694824219,108.19999694824219,,,,,,,
"soft medieval flute, melancholic and peaceful",laion_clap,hybrid,2,cry_of_the_elves,The Cry of the Elves,0.45892774,31.266807556152344,56.266807556152344,,,,,,,
"soft medieval flute, melancholic and peaceful",laion_clap,hybrid,3,ancient_ritual,Ancient Ritual,0.45764166,0.0,25.0,3,,,,,,
"soft medieval flute, melancholic and peaceful",laion_clap,hybrid,4,avalon,Quest for Avalon,0.43808016,114.20014190673828,139.2001495361328,,,,,,,
"soft medieval flute, melancholic and peaceful",laion_clap,hybrid,5,galloping_to_kugrant,Galloping to Kugrant,0.43544447,27.600000381469727,52.599998474121094,,,,,,,
"soft medieval flute, melancholic and peaceful",laion_clap,hybrid,6,let_the_wolf_out,Let the Wolf Out,0.42991668,103.40042877197266,128.40042114257812,,,,,,,
"soft medieval flute, melancholic and peaceful",laion_clap,hybrid,7,dark_blue_horizon,Dark Blue Horizon,0.42842267,241.4007110595703,266.40069580078125,,,,,,,
"soft medieval flute, melancholic and peaceful",laion_clap,hybrid,8,alone_in_the_crowd,Alone In the Crowd,0.41029957,83.06694793701172,108.06694793701172,,,,,,,
epic orchestral music with choir but not too aggressive,laion_clap,hybrid,1,dark_blue_horizon,Dark Blue Horizon,0.66400313,241.4007110595703,266.40069580078125,,,,,,,
epic orchestral music with choir but not too aggressive,laion_clap,hybrid,2,edge,The Edge of the Unknown,0.64311519,70.2288589477539,95.2288589477539,,,,,,,
epic orchestral music with choir but not too aggressive,laion_clap,hybrid,3,icebreaker_storm,Icebreaker Into the Storm,0.64273643,0.0,25.0,,,,,,,
epic orchestral music with choir but not too aggressive,laion_clap,hybrid,4,marching_city_gates,Marching Through City Gates,0.61816767,12.199999809265137,37.20000076293945,,,,,,,
epic orchestral music with choir but not too aggressive,laion_clap,hybrid,5,let_the_wolf_out,Let the Wolf Out,0.61065391,34.4668083190918,59.4668083190918,,,,,,,
epic orchestral music with choir but not too aggressive,laion_clap,hybrid,6,dawn_in_istoccar,Dawn in Istoccar,0.60557812,24.0,49.0,,,,,,,
epic orchestral music with choir but not too aggressive,laion_clap,hybrid,7,raven_lullaby,Raven Lullaby,0.60038808,83.19999694824219,108.19999694824219,,,,,,,
epic orchestral music with choir but not too aggressive,laion_clap,hybrid,8,avalon,Quest for Avalon,0.59240592,114.20014190673828,139.2001495361328,,,,,,,
dark but not aggressive,laion_clap,hybrid,1,dark_blue_horizon,Dark Blue Horizon,0.25436969,144.84042358398438,169.84042358398438,,,,,,,
dark but not aggressive,laion_clap,hybrid,2,dawn_in_istoccar,Dawn in Istoccar,0.24951568,0.0,25.0,,,,,,,
dark but not aggressive,laion_clap,hybrid,3,edge,The Edge of the Unknown,0.24144324,0.0,25.0,,,,,,,
dark but not aggressive,laion_clap,hybrid,4,ancient_ritual,Ancient Ritual,0.22923204,45.657142639160156,70.65714263916016,3,,,,,,
dark but not aggressive,laion_clap,hybrid,5,raven_lullaby,Raven Lullaby,0.19841740,124.80000305175781,149.8000030517578,,,,,,,
dark but not aggressive,laion_clap,hybrid,6,marching_city_gates,Marching Through City Gates,0.19755272,0.0,25.0,,,,,,,
dark but not aggressive,laion_clap,hybrid,7,cry_of_the_elves,The Cry of the Elves,0.19458427,62.53361511230469,87.53361511230469,,,,,,,
dark but not aggressive,laion_clap,hybrid,8,let_the_wolf_out,Let the Wolf Out,0.18985230,0.0,25.0,,,,,,,
heroic but reflective,laion_clap,hybrid,1,cry_of_the_elves,The Cry of the Elves,0.32838286,0.0,25.0,,,,,,,
heroic but reflective,laion_clap,hybrid,2,dark_blue_horizon,Dark Blue Horizon,0.30127990,48.28014373779297,73.28014373779297,,,,,,,
heroic but reflective,laion_clap,hybrid,3,raven_lullaby,Raven Lullaby,0.28695984,124.80000305175781,149.8000030517578,,,,,,,
heroic but reflective,laion_clap,hybrid,4,icebreaker_storm,Icebreaker Into the Storm,0.27212380,0.0,25.0,,,,,,,
heroic but reflective,laion_clap,hybrid,5,let_the_wolf_out,Let the Wolf Out,0.26823622,0.0,25.0,,,,,,,
heroic but reflective,laion_clap,hybrid,6,dawn_in_istoccar,Dawn in Istoccar,0.25299659,96.0,121.0,,,,,,,
heroic but reflective,laion_clap,hybrid,7,alone_in_the_crowd,Alone In the Crowd,0.24722483,207.66737365722656,232.66737365722656,,,,,,,
heroic but reflective,laion_clap,hybrid,8,marching_city_gates,Marching Through City Gates,0.24468634,24.399999618530273,49.400001525878906,,,,,,,
music for exploring ancient ruins,laion_clap,hybrid,1,dark_blue_horizon,Dark Blue Horizon,0.52704534,241.4007110595703,266.40069580078125,2,,,,,,
music for exploring ancient ruins,laion_clap,hybrid,2,edge,The Edge of the Unknown,0.51411110,70.2288589477539,95.2288589477539,,,,,,,
music for exploring ancient ruins,laion_clap,hybrid,3,let_the_wolf_out,Let the Wolf Out,0.51204893,137.8672332763672,162.8672332763672,,,,,,,
music for exploring ancient ruins,laion_clap,hybrid,4,dawn_in_istoccar,Dawn in Istoccar,0.50621247,96.0,121.0,,,,,,,
music for exploring ancient ruins,laion_clap,hybrid,5,alone_in_the_crowd,Alone In the Crowd,0.50273609,124.60042572021484,149.6004180908203,,,,,,,
music for exploring ancient ruins,laion_clap,hybrid,6,icebreaker_storm,Icebreaker Into the Storm,0.48010355,0.0,25.0,,,,,,,
music for exploring ancient ruins,laion_clap,hybrid,7,raven_lullaby,Raven Lullaby,0.46760076,124.80000305175781,149.8000030517578,,,,,,,
music for exploring ancient ruins,laion_clap,hybrid,8,galloping_to_kugrant,Galloping to Kugrant,0.46375036,27.600000381469727,52.599998474121094,,,,,,,
music for a quiet sunrise,laion_clap,hybrid,1,let_the_wolf_out,Let the Wolf Out,0.45883389,0.0,25.0,3,,,,,,
music for a quiet sunrise,laion_clap,hybrid,2,dark_blue_horizon,Dark Blue Horizon,0.44104370,241.4007110595703,266.40069580078125,,,,,,,
music for a quiet sunrise,laion_clap,hybrid,3,healing_wind,Healing Wind,0.42248338,56.70000076293945,81.69999694824219,,,,,,,
music for a quiet sunrise,laion_clap,hybrid,4,alone_in_the_crowd,Alone In the Crowd,0.41273208,207.66737365722656,232.66737365722656,,,,,,,
music for a quiet sunrise,laion_clap,hybrid,5,ancient_ritual,Ancient Ritual,0.40810141,22.828571319580078,47.82857131958008,,,,,,,
music for a quiet sunrise,laion_clap,hybrid,6,cry_of_the_elves,The Cry of the Elves,0.39900415,93.80042266845703,118.80042266845703,,,,,,,
music for a quiet sunrise,laion_clap,hybrid,7,raven_lullaby,Raven Lullaby,0.39738646,83.19999694824219,108.19999694824219,,,,,,,
music for a quiet sunrise,laion_clap,hybrid,8,edge,The Edge of the Unknown,0.39192203,105.3432846069336,130.34329223632812,,,,,,,
music for riding across an open landscape,laion_clap,hybrid,1,dark_blue_horizon,Dark Blue Horizon,0.51670423,241.4007110595703,266.40069580078125,,,,,,,
music for riding across an open landscape,laion_clap,hybrid,2,edge,The Edge of the Unknown,0.50046113,140.4577178955078,165.4577178955078,,,,,,,
music for riding across an open landscape,laion_clap,hybrid,3,dawn_in_istoccar,Dawn in Istoccar,0.49867485,96.0,121.0,,,,,,,
music for riding across an open landscape,laion_clap,hybrid,4,avalon,Quest for Avalon,0.49019869,228.40028381347656,253.40028381347656,,,,,,,
music for riding across an open landscape,laion_clap,hybrid,5,raven_lullaby,Raven Lullaby,0.48428513,124.80000305175781,149.8000030517578,,,,,,,
music for riding across an open landscape,laion_clap,hybrid,6,let_the_wolf_out,Let the Wolf Out,0.48288438,0.0,25.0,3,,,,,,
music for riding across an open landscape,laion_clap,hybrid,7,marching_city_gates,Marching Through City Gates,0.45674564,0.0,25.0,,,,,,,
music for riding across an open landscape,laion_clap,hybrid,8,alone_in_the_crowd,Alone In the Crowd,0.45278664,124.60042572021484,149.6004180908203,,,,,,,
epic but calm,laion_clap,hybrid,1,dark_blue_horizon,Dark Blue Horizon,0.57002610,144.84042358398438,169.84042358398438,3,,,,,,
epic but calm,laion_clap,hybrid,2,let_the_wolf_out,Let the Wolf Out,0.51624036,0.0,25.0,,,,,,,
epic but calm,laion_clap,hybrid,3,edge,The Edge of the Unknown,0.50696440,70.2288589477539,95.2288589477539,,,,,,,
epic but calm,laion_clap,hybrid,4,dawn_in_istoccar,Dawn in Istoccar,0.50635374,120.0,145.0,,,,,,,
epic but calm,laion_clap,hybrid,5,raven_lullaby,Raven Lullaby,0.47854410,83.19999694824219,108.19999694824219,,,,,,,
epic but calm,laion_clap,hybrid,6,cry_of_the_elves,The Cry of the Elves,0.47106843,62.53361511230469,87.53361511230469,,,,,,,
epic but calm,laion_clap,hybrid,7,galloping_to_kugrant,Galloping to Kugrant,0.46848163,27.600000381469727,52.599998474121094,,,,,,,
epic but calm,laion_clap,hybrid,8,icebreaker_storm,Icebreaker Into the Storm,0.46702516,0.0,25.0,,,,,,,
heroic without battle,laion_clap,hybrid,1,icebreaker_storm,Icebreaker Into the Storm,0.48549223,0.0,25.0,,,,,,,
heroic without battle,laion_clap,hybrid,2,dawn_in_istoccar,Dawn in Istoccar,0.47258617,96.0,121.0,,,,,,,
heroic without battle,laion_clap,hybrid,3,marching_city_gates,Marching Through City Gates,0.47013471,48.79999923706055,73.80000305175781,,,,,,,
heroic without battle,laion_clap,hybrid,4,edge,The Edge of the Unknown,0.43438089,70.2288589477539,95.2288589477539,,,,,,,
heroic without battle,laion_clap,hybrid,5,dark_blue_horizon,Dark Blue Horizon,0.42574552,241.4007110595703,266.40069580078125,,,,,,,
heroic without battle,laion_clap,hybrid,6,raven_lullaby,Raven Lullaby,0.41653247,124.80000305175781,149.8000030517578,,,,,,,
heroic without battle,laion_clap,hybrid,7,galloping_to_kugrant,Galloping to Kugrant,0.41478750,41.400001525878906,66.4000015258789,,,,,,,
heroic without battle,laion_clap,hybrid,8,let_the_wolf_out,Let the Wolf Out,0.39247428,137.8672332763672,162.8672332763672,,,,,,,
fantasy flute without epic orchestra,laion_clap,hybrid,1,icebreaker_storm,Icebreaker Into the Storm,0.59471387,0.0,25.0,,,,,,,
fantasy flute without epic orchestra,laion_clap,hybrid,2,dawn_in_istoccar,Dawn in Istoccar,0.59332985,96.0,121.0,,,,,,,
fantasy flute without epic orchestra,laion_clap,hybrid,3,raven_lullaby,Raven Lullaby,0.59191403,124.80000305175781,149.8000030517578,,,,,,,
fantasy flute without epic orchestra,laion_clap,hybrid,4,galloping_to_kugrant,Galloping to Kugrant,0.58214238,27.600000381469727,52.599998474121094,,,,,,,
fantasy flute without epic orchestra,laion_clap,hybrid,5,edge,The Edge of the Unknown,0.58102655,70.2288589477539,95.2288589477539,,,,,,,
fantasy flute without epic orchestra,laion_clap,hybrid,6,dark_blue_horizon,Dark Blue Horizon,0.58076423,241.4007110595703,266.40069580078125,,,,,,,
fantasy flute without epic orchestra,laion_clap,hybrid,7,avalon,Quest for Avalon,0.55451864,228.40028381347656,253.40028381347656,,,,,,,
fantasy flute without epic orchestra,laion_clap,hybrid,8,alone_in_the_crowd,Alone In the Crowd,0.54510906,124.60042572021484,149.6004180908203,,,,,,,
something powerful but still emotional,laion_clap,hybrid,1,let_the_wolf_out,Let the Wolf Out,0.56391400,172.33404541015625,197.33404541015625,,,,,,,
something powerful but still emotional,laion_clap,hybrid,2,edge,The Edge of the Unknown,0.55763078,70.2288589477539,95.2288589477539,,,,,,,
something powerful but still emotional,laion_clap,hybrid,3,dark_blue_horizon,Dark Blue Horizon,0.54185307,193.1205596923828,218.1205596923828,,,,,,,
something powerful but still emotional,laion_clap,hybrid,4,alone_in_the_crowd,Alone In the Crowd,0.53090623,207.66737365722656,232.66737365722656,,,,,,,
something powerful but still emotional,laion_clap,hybrid,5,icebreaker_storm,Icebreaker Into the Storm,0.51906824,0.0,25.0,,,,,,,
something powerful but still emotional,laion_clap,hybrid,6,dawn_in_istoccar,Dawn in Istoccar,0.50501913,24.0,49.0,,,,,,,
something powerful but still emotional,laion_clap,hybrid,7,cry_of_the_elves,The Cry of the Elves,0.48346239,93.80042266845703,118.80042266845703,,,,,,,
something powerful but still emotional,laion_clap,hybrid,8,galloping_to_kugrant,Galloping to Kugrant,0.48013166,27.600000381469727,52.599998474121094,,,,,,,
a quiet piece that slowly becomes more powerful,laion_clap,hybrid,1,let_the_wolf_out,Let the Wolf Out,0.49503608,68.9336166381836,93.9336166381836,,,,,,,
a quiet piece that slowly becomes more powerful,laion_clap,hybrid,2,dark_blue_horizon,Dark Blue Horizon,0.47345240,144.84042358398438,169.84042358398438,,,,,,,
a quiet piece that slowly becomes more powerful,laion_clap,hybrid,3,edge,The Edge of the Unknown,0.46874782,0.0,25.0,,,,,,,
a quiet piece that slowly becomes more powerful,laion_clap,hybrid,4,raven_lullaby,Raven Lullaby,0.45709544,83.19999694824219,108.19999694824219,,,,,,,
a quiet piece that slowly becomes more powerful,laion_clap,hybrid,5,dawn_in_istoccar,Dawn in Istoccar,0.45376402,0.0,25.0,,,,,,,
a quiet piece that slowly becomes more powerful,laion_clap,hybrid,6,cry_of_the_elves,The Cry of the Elves,0.45157856,93.80042266845703,118.80042266845703,,,,,,,
a quiet piece that slowly becomes more powerful,laion_clap,hybrid,7,galloping_to_kugrant,Galloping to Kugrant,0.42235002,13.800000190734863,38.79999923706055,,,,,,,
a quiet piece that slowly becomes more powerful,laion_clap,hybrid,8,alone_in_the_crowd,Alone In the Crowd,0.42096880,124.60042572021484,149.6004180908203,,,,,,,
